2020-10-26 12:39:42.947,9.96,pH,-184.9,mV,25.0,C,96.0,%
2020-10-26 12:39:44.148,9.97,pH,-185.7,mV,25.0,C,96.0,%
2020-10-26 12:39:45.348,11.07,pH,-247.7,mV,25.0,C,96.0,%
2020-10-26 12:39:45.949,11.59,pH,-277.0,mV,25.0,C,96.0,%
2020-10-26 12:39:47.150,11.77,pH,-287.0,mV,25.0,C,96.0,%
2020-10-26 12:39:48.351,11.80,pH,-288.7,mV,25.0,C,96.0,%
2020-10-26 12:39:48.951,11.80,pH,-288.7,mV,25.0,C,96.0,%
2020-10-26 12:39:50.152,11.68,pH,-281.7,mV,25.0,C,96.0,%
2020-10-26 12:39:51.353,11.70,pH,-282.7,mV,25.0,C,96.0,%
2020-10-26 12:39:51.954,11.78,pH,-287.2,mV,25.0,C,96.0,%
2020-10-26 12:39:53.154,11.83,pH,-290.3,mV,25.0,C,96.0,%
2020-10-26 12:39:54.513,11.89,pH,-293.9,mV,25.0,C,96.0,%
2020-10-26 12:39:55.113,11.89,pH,-293.9,mV,25.0,C,96.0,%
2020-10-26 12:39:56.314,11.97,pH,-298.1,mV,25.0,C,96.0,%
2020-10-26 12:39:57.515,11.99,pH,-299.2,mV,25.0,C,96.0,%
2020-10-26 12:39:58.116,12.00,pH,-299.7,mV,25.0,C,96.0,%
2020-10-26 12:39:59.316,12.01,pH,-300.3,mV,25.0,C,96.0,%
2020-10-26 12:40:00.517,12.01,pH,-300.3,mV,25.0,C,96.0,%
2020-10-26 12:40:01.117,12.01,pH,-300.5,mV,25.0,C,96.0,%
2020-10-26 12:40:02.318,12.02,pH,-301.1,mV,25.0,C,96.0,%
2020-10-26 12:40:03.519,12.03,pH,-301.6,mV,25.0,C,96.0,%
2020-10-26 12:40:04.120,12.04,pH,-301.9,mV,25.0,C,96.0,%
2020-10-26 12:40:05.321,12.05,pH,-302.5,mV,25.0,C,96.0,%
2020-10-26 12:40:06.522,12.05,pH,-302.5,mV,25.0,C,96.0,%
2020-10-26 12:40:07.122,12.05,pH,-302.9,mV,25.0,C,96.0,%
2020-10-26 12:40:08.322,12.06,pH,-303.3,mV,25.0,C,96.0,%
2020-10-26 12:40:09.523,12.07,pH,-303.6,mV,25.0,C,96.0,%
2020-10-26 12:40:10.124,12.07,pH,-304.0,mV,25.0,C,96.0,%
2020-10-26 12:40:11.325,12.08,pH,-304.3,mV,25.0,C,96.0,%
2020-10-26 12:40:12.526,12.08,pH,-304.3,mV,25.0,C,96.0,%
2020-10-26 12:40:13.126,12.09,pH,-304.7,mV,25.0,C,96.0,%
2020-10-26 12:40:14.327,12.07,pH,-303.8,mV,25.0,C,96.0,%
2020-10-26 12:40:15.527,12.08,pH,-304.1,mV,25.0,C,96.0,%
2020-10-26 12:40:16.128,12.08,pH,-304.4,mV,25.0,C,96.0,%
2020-10-26 12:40:17.329,12.09,pH,-304.8,mV,25.0,C,96.0,%
2020-10-26 12:40:18.530,12.09,pH,-305.1,mV,25.0,C,96.0,%
2020-10-26 12:40:19.130,12.09,pH,-305.1,mV,25.0,C,96.0,%
2020-10-26 12:40:20.331,12.10,pH,-305.3,mV,25.0,C,96.0,%
2020-10-26 12:40:21.532,12.10,pH,-305.6,mV,25.0,C,96.0,%
2020-10-26 12:40:22.132,12.11,pH,-305.8,mV,25.0,C,96.0,%
2020-10-26 12:40:23.333,12.11,pH,-306.1,mV,25.0,C,96.0,%
2020-10-26 12:40:25.134,12.11,pH,-306.3,mV,25.0,C,96.0,%
2020-10-26 12:40:26.335,12.12,pH,-306.5,mV,25.0,C,96.0,%
2020-10-26 12:40:27.536,12.12,pH,-306.8,mV,25.0,C,96.0,%
2020-10-26 12:40:28.737,12.13,pH,-307.0,mV,25.0,C,96.0,%
2020-10-26 12:40:29.938,12.13,pH,-307.2,mV,25.0,C,96.0,%
2020-10-26 12:40:31.139,12.13,pH,-307.3,mV,25.0,C,96.0,%
2020-10-26 12:40:32.339,12.14,pH,-307.5,mV,25.0,C,96.0,%
2020-10-26 12:40:33.540,12.14,pH,-307.7,mV,25.0,C,96.0,%
2020-10-26 12:40:34.741,12.14,pH,-307.9,mV,25.0,C,96.0,%
2020-10-26 12:40:35.942,12.15,pH,-308.1,mV,25.0,C,96.0,%
2020-10-26 12:40:37.143,12.15,pH,-308.2,mV,25.0,C,96.0,%
2020-10-26 12:40:38.344,12.15,pH,-308.4,mV,25.0,C,96.0,%
2020-10-26 12:40:39.544,12.15,pH,-308.5,mV,25.0,C,96.0,%
2020-10-26 12:40:40.745,12.16,pH,-308.7,mV,25.0,C,96.0,%
2020-10-26 12:40:41.946,12.16,pH,-308.8,mV,25.0,C,96.0,%
2020-10-26 12:40:43.147,12.16,pH,-308.9,mV,25.0,C,96.0,%
2020-10-26 12:40:44.348,12.16,pH,-309.1,mV,25.0,C,96.0,%
2020-10-26 12:40:45.549,12.17,pH,-309.2,mV,25.0,C,96.0,%
2020-10-26 12:40:46.749,12.17,pH,-309.3,mV,25.0,C,96.0,%
2020-10-26 12:40:47.950,12.17,pH,-309.5,mV,25.0,C,96.0,%
2020-10-26 12:40:49.151,12.17,pH,-309.6,mV,25.0,C,96.0,%
2020-10-26 12:40:50.352,12.17,pH,-309.7,mV,25.0,C,96.0,%
2020-10-26 12:40:51.553,12.18,pH,-309.8,mV,25.0,C,96.0,%
2020-10-26 12:40:52.754,12.18,pH,-309.9,mV,25.0,C,96.0,%
2020-10-26 12:40:53.955,12.18,pH,-310.0,mV,25.0,C,96.0,%
2020-10-26 12:40:55.155,12.18,pH,-310.1,mV,25.0,C,96.0,%
2020-10-26 12:40:56.356,12.18,pH,-310.2,mV,25.0,C,96.0,%
2020-10-26 12:40:57.557,12.19,pH,-310.4,mV,25.0,C,96.0,%
2020-10-26 12:40:58.758,12.19,pH,-310.5,mV,25.0,C,96.0,%
2020-10-26 12:41:00.143,12.19,pH,-310.6,mV,25.0,C,96.0,%
2020-10-26 12:41:01.344,12.19,pH,-310.6,mV,25.0,C,96.0,%
2020-10-26 12:41:02.544,12.19,pH,-310.7,mV,25.0,C,96.0,%
2020-10-26 12:41:03.745,12.19,pH,-310.8,mV,25.0,C,96.0,%
2020-10-26 12:41:04.946,12.20,pH,-310.9,mV,25.0,C,96.0,%
2020-10-26 12:41:06.147,12.20,pH,-311.0,mV,25.0,C,96.0,%
2020-10-26 12:41:07.348,12.20,pH,-311.1,mV,25.0,C,96.0,%
2020-10-26 12:41:08.549,12.20,pH,-311.2,mV,25.0,C,96.0,%
2020-10-26 12:41:09.749,12.20,pH,-311.3,mV,25.0,C,96.0,%
2020-10-26 12:41:10.950,12.20,pH,-311.4,mV,25.0,C,96.0,%
2020-10-26 12:41:12.151,12.21,pH,-311.4,mV,25.0,C,96.0,%
2020-10-26 12:41:13.352,12.21,pH,-311.5,mV,25.0,C,96.0,%
2020-10-26 12:41:14.553,12.21,pH,-311.6,mV,25.0,C,96.0,%
2020-10-26 12:41:15.754,12.21,pH,-311.7,mV,25.0,C,96.0,%
2020-10-26 12:41:16.955,12.21,pH,-311.8,mV,25.0,C,96.0,%
2020-10-26 12:41:18.156,12.21,pH,-311.9,mV,25.0,C,96.0,%
2020-10-26 12:41:19.356,12.20,pH,-311.0,mV,25.0,C,96.0,%
2020-10-26 13:47:29.295,12.42,pH,-323.2,mV,25.0,C,96.0,%
2020-10-26 13:47:30.496,12.42,pH,-323.3,mV,25.0,C,96.0,%
2020-10-26 13:47:31.097,12.42,pH,-323.3,mV,25.0,C,96.0,%
2020-10-26 13:47:32.298,12.42,pH,-323.4,mV,25.0,C,96.0,%
2020-10-26 13:47:34.098,12.42,pH,-323.4,mV,25.0,C,96.0,%
2020-10-26 13:47:35.299,12.42,pH,-323.4,mV,25.0,C,96.0,%
2020-10-26 13:47:36.500,12.42,pH,-323.4,mV,25.0,C,96.0,%
2020-10-26 13:47:37.701,12.42,pH,-323.3,mV,25.0,C,96.0,%
2020-10-26 13:47:38.902,12.42,pH,-323.3,mV,25.0,C,96.0,%
2020-10-26 13:47:40.103,12.42,pH,-323.3,mV,25.0,C,96.0,%
2020-10-26 13:47:41.304,12.42,pH,-323.3,mV,25.0,C,96.0,%
2020-10-26 13:47:42.504,12.41,pH,-323.2,mV,25.0,C,96.0,%
2020-10-26 13:47:43.705,12.41,pH,-323.2,mV,25.0,C,96.0,%
2020-10-26 13:47:44.906,12.41,pH,-323.1,mV,25.0,C,96.0,%
2020-10-26 13:47:46.107,12.41,pH,-323.0,mV,25.0,C,96.0,%
2020-10-26 13:47:47.308,12.41,pH,-322.9,mV,25.0,C,96.0,%
2020-10-26 13:47:48.509,12.41,pH,-322.8,mV,25.0,C,96.0,%
2020-10-26 13:47:49.711,12.41,pH,-322.7,mV,25.0,C,96.0,%
2020-10-26 13:47:50.910,12.40,pH,-322.6,mV,25.0,C,96.0,%
2020-10-26 13:47:52.111,12.40,pH,-322.5,mV,25.0,C,96.0,%
2020-10-26 13:47:53.312,12.40,pH,-322.4,mV,25.0,C,96.0,%
2020-10-26 13:47:54.368,12.40,pH,-322.3,mV,25.0,C,96.0,%
2020-10-26 13:47:55.568,12.40,pH,-322.2,mV,25.0,C,96.0,%
2020-10-26 13:47:56.769,12.40,pH,-322.2,mV,25.0,C,96.0,%
2020-10-26 13:47:57.970,12.40,pH,-322.2,mV,25.0,C,96.0,%
2020-10-26 13:47:59.171,12.40,pH,-322.2,mV,25.0,C,96.0,%
2020-10-26 13:48:00.372,12.40,pH,-322.2,mV,25.0,C,96.0,%
2020-10-26 13:48:01.573,12.40,pH,-322.2,mV,25.0,C,96.0,%
2020-10-26 13:48:02.773,12.40,pH,-322.2,mV,25.0,C,96.0,%
2020-10-26 13:48:03.974,12.40,pH,-322.2,mV,25.0,C,96.0,%
2020-10-26 13:48:05.175,12.40,pH,-322.2,mV,25.0,C,96.0,%
2020-10-26 13:48:06.376,12.40,pH,-322.2,mV,25.0,C,96.0,%
2020-10-26 13:48:07.577,12.40,pH,-322.1,mV,25.0,C,96.0,%
2020-10-26 13:48:08.778,12.40,pH,-322.1,mV,25.0,C,96.0,%
2020-10-26 13:48:09.978,12.39,pH,-322.1,mV,25.0,C,96.0,%
2020-10-26 13:48:11.179,12.39,pH,-322.1,mV,25.0,C,96.0,%
2020-10-26 13:48:12.380,12.39,pH,-322.0,mV,25.0,C,96.0,%
2020-10-26 13:48:13.581,12.39,pH,-322.0,mV,25.0,C,96.0,%
2020-10-26 13:48:14.782,12.39,pH,-322.0,mV,25.0,C,96.0,%
2020-10-26 13:48:15.983,12.39,pH,-322.0,mV,25.0,C,96.0,%
2020-10-26 13:48:17.184,12.39,pH,-321.9,mV,25.0,C,96.0,%
2020-10-26 13:48:18.385,12.39,pH,-321.9,mV,25.0,C,96.0,%
2020-10-26 13:48:19.585,12.39,pH,-321.8,mV,25.0,C,96.0,%
2020-10-26 13:48:20.786,12.39,pH,-321.7,mV,25.0,C,96.0,%
2020-10-26 13:48:21.987,12.39,pH,-321.6,mV,25.0,C,96.0,%
2020-10-26 13:48:23.188,12.38,pH,-321.5,mV,25.0,C,96.0,%
2020-10-26 13:48:24.389,12.38,pH,-321.4,mV,25.0,C,96.0,%
2020-10-26 13:48:25.590,12.38,pH,-321.3,mV,25.0,C,96.0,%
2020-10-26 13:48:26.790,12.38,pH,-321.2,mV,25.0,C,96.0,%
2020-10-26 13:48:27.991,12.38,pH,-321.0,mV,25.0,C,96.0,%
2020-10-26 13:48:29.192,12.37,pH,-320.9,mV,25.0,C,96.0,%
2020-10-26 13:48:30.393,12.33,pH,-318.2,mV,25.0,C,96.0,%
2020-10-26 13:48:31.594,12.34,pH,-318.8,mV,25.0,C,96.0,%
2020-10-26 13:48:32.795,12.34,pH,-319.0,mV,25.0,C,96.0,%
2020-10-26 13:48:33.995,12.34,pH,-319.1,mV,25.0,C,96.0,%
2020-10-26 13:48:35.196,12.34,pH,-319.1,mV,25.0,C,96.0,%
2020-10-26 13:48:36.397,12.34,pH,-319.0,mV,25.0,C,96.0,%
2020-10-26 13:48:37.598,12.34,pH,-319.0,mV,25.0,C,96.0,%
2020-10-26 13:48:38.799,12.34,pH,-319.0,mV,25.0,C,96.0,%
2020-10-26 13:48:40,12.34,pH,-319.0,mV,25.0,C,96.0,%
2020-10-26 13:48:41.201,12.34,pH,-319.0,mV,25.0,C,96.0,%
2020-10-26 13:48:42.401,12.34,pH,-319.0,mV,25.0,C,96.0,%
2020-10-26 13:48:43.602,12.34,pH,-319.0,mV,25.0,C,96.0,%
2020-10-26 13:48:44.803,12.34,pH,-318.9,mV,25.0,C,96.0,%
2020-10-26 13:48:46.004,12.34,pH,-318.9,mV,25.0,C,96.0,%
2020-10-26 13:48:47.205,12.34,pH,-318.9,mV,25.0,C,96.0,%
2020-10-26 13:48:48.406,12.34,pH,-318.8,mV,25.0,C,96.0,%
2020-10-26 13:48:49.607,12.33,pH,-318.7,mV,25.0,C,96.0,%
2020-10-26 13:48:50.807,12.33,pH,-318.7,mV,25.0,C,96.0,%
2020-10-26 13:48:52.008,12.33,pH,-318.6,mV,25.0,C,96.0,%
2020-10-26 13:48:53.209,12.33,pH,-318.5,mV,25.0,C,96.0,%
2020-10-26 13:48:54.410,12.33,pH,-318.5,mV,25.0,C,96.0,%
2020-10-26 13:48:55.611,12.33,pH,-318.4,mV,25.0,C,96.0,%
2020-10-26 13:48:56.811,12.33,pH,-318.3,mV,25.0,C,96.0,%
2020-10-26 13:48:58.170,12.33,pH,-318.2,mV,25.0,C,96.0,%
2020-10-26 13:48:59.371,12.32,pH,-318.2,mV,25.0,C,96.0,%
2020-10-26 13:49:00.572,12.32,pH,-318.1,mV,25.0,C,96.0,%
2020-10-26 13:49:01.773,12.32,pH,-318.0,mV,25.0,C,96.0,%
2020-10-26 13:49:02.974,12.32,pH,-317.9,mV,25.0,C,96.0,%
2020-10-26 13:49:04.175,12.32,pH,-317.9,mV,25.0,C,96.0,%
2020-10-26 13:49:05.376,12.32,pH,-317.9,mV,25.0,C,96.0,%
2020-10-26 15:53:31.764,12.58,pH,-332.6,mV,25.0,C,96.0,%
2020-10-26 15:53:32.965,11.48,pH,-270.4,mV,25.0,C,96.0,%
2020-10-26 15:53:33.566,11.42,pH,-267.2,mV,25.0,C,96.0,%
2020-10-26 15:53:34.766,11.38,pH,-264.7,mV,25.0,C,96.0,%
2020-10-26 15:53:35.967,11.37,pH,-264.4,mV,25.0,C,96.0,%
2020-10-26 15:53:36.567,11.37,pH,-264.4,mV,25.0,C,96.0,%
2020-10-26 15:53:37.768,11.39,pH,-265.6,mV,25.0,C,96.0,%
2020-10-26 15:53:38.969,11.41,pH,-266.5,mV,25.0,C,96.0,%
2020-10-26 15:53:39.570,11.42,pH,-267.2,mV,25.0,C,96.0,%
2020-10-26 15:53:40.771,11.41,pH,-266.5,mV,25.0,C,96.0,%
2020-10-26 15:53:41.972,11.45,pH,-269.0,mV,25.0,C,96.0,%
2020-10-26 15:53:42.572,11.45,pH,-269.0,mV,25.0,C,96.0,%
2020-10-26 15:53:43.773,11.44,pH,-268.2,mV,25.0,C,96.0,%
2020-10-26 15:53:44.973,11.43,pH,-267.7,mV,25.0,C,96.0,%
2020-10-26 15:53:46.174,11.43,pH,-267.8,mV,25.0,C,96.0,%
2020-10-26 15:53:46.775,11.48,pH,-270.3,mV,25.0,C,96.0,%
2020-10-26 15:53:47.976,11.42,pH,-267.1,mV,25.0,C,96.0,%
2020-10-26 15:53:49.176,11.42,pH,-267.1,mV,25.0,C,96.0,%
2020-10-26 15:53:49.777,11.44,pH,-268.4,mV,25.0,C,96.0,%
2020-10-26 15:53:50.978,11.42,pH,-267.2,mV,25.0,C,96.0,%
2020-10-26 15:53:52.178,11.40,pH,-266.2,mV,25.0,C,96.0,%
2020-10-26 15:53:52.779,11.41,pH,-266.7,mV,25.0,C,96.0,%
2020-10-26 15:53:53.980,11.41,pH,-266.4,mV,25.0,C,96.0,%
2020-10-26 15:53:55.181,11.41,pH,-266.4,mV,25.0,C,96.0,%
2020-10-26 15:53:55.781,11.40,pH,-266.0,mV,25.0,C,96.0,%
2020-10-26 15:53:56.982,11.41,pH,-266.5,mV,25.0,C,96.0,%
2020-10-26 15:53:58.183,11.40,pH,-265.8,mV,25.0,C,96.0,%
2020-10-26 15:53:58.783,11.40,pH,-265.8,mV,25.0,C,96.0,%
2020-10-26 15:53:59.984,11.41,pH,-266.5,mV,25.0,C,96.0,%
2020-10-26 15:54:01.185,11.41,pH,-266.5,mV,25.0,C,96.0,%
2020-10-26 15:54:01.785,11.43,pH,-267.7,mV,25.0,C,96.0,%
2020-10-26 15:54:02.986,11.43,pH,-267.5,mV,25.0,C,96.0,%
2020-10-26 15:54:04.187,11.42,pH,-267.0,mV,25.0,C,96.0,%
2020-10-26 15:54:04.788,11.41,pH,-266.9,mV,25.0,C,96.0,%
2020-10-26 15:54:05.989,11.41,pH,-266.9,mV,25.0,C,96.0,%
2020-10-26 15:54:07.189,11.41,pH,-266.9,mV,25.0,C,96.0,%
2020-10-26 15:54:07.789,11.41,pH,-266.8,mV,25.0,C,96.0,%
2020-10-26 15:54:09.149,11.41,pH,-266.7,mV,25.0,C,96.0,%
2020-10-26 15:54:09.749,11.42,pH,-267.0,mV,25.0,C,96.0,%
2020-10-26 15:54:10.950,11.41,pH,-266.8,mV,25.0,C,96.0,%
2020-10-26 15:54:12.151,11.41,pH,-266.7,mV,25.0,C,96.0,%
2020-10-26 15:54:12.751,11.41,pH,-266.7,mV,25.0,C,96.0,%
2020-10-26 15:54:13.952,11.41,pH,-266.6,mV,25.0,C,96.0,%
2020-10-26 15:54:15.152,11.41,pH,-266.5,mV,25.0,C,96.0,%
2020-10-26 15:54:15.753,11.41,pH,-266.8,mV,25.0,C,96.0,%
2020-10-26 15:54:16.954,11.43,pH,-267.5,mV,25.0,C,96.0,%
2020-10-26 15:54:18.155,11.44,pH,-268.4,mV,25.0,C,96.0,%
2020-10-26 15:54:19.356,11.44,pH,-268.4,mV,25.0,C,96.0,%
2020-10-26 15:54:19.956,11.46,pH,-269.4,mV,25.0,C,96.0,%
2020-10-26 15:54:21.157,11.56,pH,-275.3,mV,25.0,C,96.0,%
2020-10-26 15:54:22.357,11.57,pH,-275.7,mV,25.0,C,96.0,%
2020-10-26 15:54:22.959,11.57,pH,-275.7,mV,25.0,C,96.0,%
2020-10-26 15:54:24.159,11.92,pH,-295.2,mV,25.0,C,96.0,%
2020-10-26 15:54:25.360,11.92,pH,-295.2,mV,25.0,C,96.0,%
2020-10-26 15:54:25.960,12.00,pH,-299.9,mV,25.0,C,96.0,%
2020-10-26 15:54:27.161,11.83,pH,-290.4,mV,25.0,C,96.0,%
2020-10-26 15:54:28.362,11.93,pH,-295.7,mV,25.0,C,96.0,%
2020-10-26 15:54:28.962,11.97,pH,-298.3,mV,25.0,C,96.0,%
2020-10-26 15:54:30.163,11.98,pH,-298.6,mV,25.0,C,96.0,%
2020-10-26 15:54:31.364,11.98,pH,-298.6,mV,25.0,C,96.0,%
2020-10-26 15:54:31.964,11.96,pH,-297.7,mV,25.0,C,96.0,%
2020-10-26 15:54:33.165,12.02,pH,-301.2,mV,25.0,C,96.0,%
2020-10-26 15:54:34.366,11.97,pH,-297.9,mV,25.0,C,96.0,%
2020-10-26 15:54:34.967,11.96,pH,-297.5,mV,25.0,C,96.0,%
2020-10-26 15:54:36.168,12.01,pH,-300.4,mV,25.0,C,96.0,%
2020-10-26 15:54:37.369,12.01,pH,-300.4,mV,25.0,C,96.0,%
2020-10-26 15:54:37.969,12.01,pH,-300.2,mV,25.0,C,96.0,%
2020-10-26 15:54:39.169,11.97,pH,-298.3,mV,25.0,C,96.0,%
2020-10-26 15:54:40.370,12.00,pH,-300.1,mV,25.0,C,96.0,%
2020-10-26 15:54:40.971,11.99,pH,-299.3,mV,25.0,C,96.0,%
2020-10-26 15:54:42.172,11.99,pH,-299.1,mV,25.0,C,96.0,%
2020-10-26 15:54:43.373,11.98,pH,-299.0,mV,25.0,C,96.0,%
2020-10-26 15:54:43.973,11.98,pH,-299.0,mV,25.0,C,96.0,%
2020-10-26 15:54:45.174,11.96,pH,-297.4,mV,25.0,C,96.0,%
2020-10-26 15:54:46.374,11.95,pH,-297.3,mV,25.0,C,96.0,%
2020-10-26 15:54:46.975,11.94,pH,-296.3,mV,25.0,C,96.0,%
2020-10-26 15:54:48.176,11.89,pH,-293.9,mV,25.0,C,96.0,%
2020-10-26 15:54:49.377,11.89,pH,-293.9,mV,25.0,C,96.0,%
2020-10-26 15:54:49.977,11.91,pH,-294.7,mV,25.0,C,96.0,%
2020-10-26 15:54:51.178,11.89,pH,-293.5,mV,25.0,C,96.0,%
2020-10-26 15:54:52.379,11.88,pH,-293.0,mV,25.0,C,96.0,%
2020-10-26 15:54:52.979,11.87,pH,-292.8,mV,25.0,C,96.0,%
2020-10-26 15:54:54.180,11.86,pH,-291.7,mV,25.0,C,96.0,%
2020-10-26 15:54:55.381,11.86,pH,-292.0,mV,25.0,C,96.0,%
2020-10-26 15:54:55.981,11.86,pH,-292.0,mV,25.0,C,96.0,%
2020-10-26 15:54:57.182,11.88,pH,-293.0,mV,25.0,C,96.0,%
2020-10-26 15:54:58.984,11.88,pH,-293.1,mV,25.0,C,96.0,%
2020-10-26 15:55:00.185,11.91,pH,-294.9,mV,25.0,C,96.0,%
2020-10-26 15:55:01.385,11.92,pH,-295.5,mV,25.0,C,96.0,%
2020-10-26 15:55:02.586,11.94,pH,-296.4,mV,25.0,C,96.0,%
2020-10-26 15:55:03.787,11.93,pH,-295.7,mV,25.0,C,96.0,%
2020-10-26 15:55:04.988,11.93,pH,-296.0,mV,25.0,C,96.0,%
2020-10-26 15:55:06.189,11.93,pH,-295.8,mV,25.0,C,96.0,%
2020-10-26 15:55:07.390,11.93,pH,-295.8,mV,25.0,C,96.0,%
2020-10-26 16:14:29.576,11.89,pH,-293.4,mV,25.0,C,96.0,%
2020-10-26 16:14:30.777,11.88,pH,-293.0,mV,25.0,C,96.0,%
2020-10-26 16:14:31.979,11.88,pH,-293.1,mV,25.0,C,96.0,%
2020-10-26 16:14:32.578,11.88,pH,-293.1,mV,25.0,C,96.0,%
2020-10-26 16:14:33.779,11.88,pH,-293.0,mV,25.0,C,96.0,%
2020-10-26 16:14:34.980,11.87,pH,-292.5,mV,25.0,C,96.0,%
2020-10-26 16:14:35.581,11.87,pH,-292.6,mV,25.0,C,96.0,%
2020-10-26 16:14:36.781,11.87,pH,-292.6,mV,25.0,C,96.0,%
2020-10-26 16:14:37.982,11.88,pH,-292.8,mV,25.0,C,96.0,%
2020-10-26 16:14:38.582,11.88,pH,-292.8,mV,25.0,C,96.0,%
2020-10-26 16:14:39.638,11.87,pH,-292.6,mV,25.0,C,96.0,%
2020-10-26 16:14:40.839,11.87,pH,-292.6,mV,25.0,C,96.0,%
2020-10-26 16:14:42.040,11.89,pH,-293.4,mV,25.0,C,96.0,%
2020-10-26 16:14:42.640,11.89,pH,-293.4,mV,25.0,C,96.0,%
2020-10-26 16:14:43.841,11.88,pH,-293.3,mV,25.0,C,96.0,%
2020-10-26 16:14:45.041,11.89,pH,-293.4,mV,25.0,C,96.0,%
2020-10-26 16:14:45.642,11.89,pH,-293.4,mV,25.0,C,96.0,%
2020-10-26 16:14:46.843,11.89,pH,-293.6,mV,25.0,C,96.0,%
2020-10-26 16:14:48.044,11.88,pH,-293.3,mV,25.0,C,96.0,%
2020-10-26 16:14:48.644,11.88,pH,-293.3,mV,25.0,C,96.0,%
2020-10-26 16:14:49.845,11.88,pH,-293.2,mV,25.0,C,96.0,%
2020-10-26 16:14:51.046,11.88,pH,-293.3,mV,25.0,C,96.0,%
2020-10-26 16:14:51.646,11.88,pH,-293.2,mV,25.0,C,96.0,%
2020-10-26 16:14:52.847,11.88,pH,-293.2,mV,25.0,C,96.0,%
2020-10-26 16:14:54.048,11.87,pH,-292.6,mV,25.0,C,96.0,%
2020-10-26 16:14:54.648,11.87,pH,-292.6,mV,25.0,C,96.0,%
2020-10-26 16:14:55.849,11.87,pH,-292.6,mV,25.0,C,96.0,%
2020-10-26 16:14:57.050,11.87,pH,-292.7,mV,25.0,C,96.0,%
2020-10-26 16:14:57.651,11.87,pH,-292.7,mV,25.0,C,96.0,%
2020-10-26 16:14:58.851,11.87,pH,-292.7,mV,25.0,C,96.0,%
2020-10-26 16:15:00.053,11.87,pH,-292.8,mV,25.0,C,96.0,%
2020-10-26 16:15:00.653,11.87,pH,-292.8,mV,25.0,C,96.0,%
2020-10-26 16:15:01.853,11.88,pH,-293.0,mV,25.0,C,96.0,%
2020-10-26 16:15:03.054,11.87,pH,-292.8,mV,25.0,C,96.0,%
2020-10-26 16:15:04.255,11.88,pH,-292.8,mV,25.0,C,96.0,%
2020-10-26 16:15:04.856,11.88,pH,-292.9,mV,25.0,C,96.0,%
2020-10-26 16:15:06.057,11.88,pH,-292.9,mV,25.0,C,96.0,%
2020-10-26 16:15:07.258,11.88,pH,-292.9,mV,25.0,C,96.0,%
2020-10-26 16:15:07.858,11.88,pH,-292.9,mV,25.0,C,96.0,%
2020-10-26 16:15:09.058,11.88,pH,-292.9,mV,25.0,C,96.0,%
2020-10-26 16:15:10.259,11.88,pH,-292.9,mV,25.0,C,96.0,%
2020-10-26 16:15:10.860,11.88,pH,-292.9,mV,25.0,C,96.0,%
2020-10-26 16:15:12.061,11.88,pH,-292.9,mV,25.0,C,96.0,%
2020-10-26 16:15:13.262,11.88,pH,-292.9,mV,25.0,C,96.0,%
2020-10-26 16:15:13.862,11.88,pH,-292.9,mV,25.0,C,96.0,%
2020-10-26 16:15:15.063,11.88,pH,-292.9,mV,25.0,C,96.0,%
2020-10-26 16:15:16.263,11.88,pH,-292.9,mV,25.0,C,96.0,%
2020-10-26 16:15:16.864,11.88,pH,-293.0,mV,25.0,C,96.0,%
2020-10-26 16:15:18.065,11.88,pH,-293.0,mV,25.0,C,96.0,%
2020-10-26 16:15:19.266,11.88,pH,-293.0,mV,25.0,C,96.0,%
2020-10-26 16:15:19.866,11.88,pH,-293.1,mV,25.0,C,96.0,%
2020-10-26 16:15:21.067,11.88,pH,-293.1,mV,25.0,C,96.0,%
2020-10-26 16:15:22.268,11.88,pH,-293.0,mV,25.0,C,96.0,%
2020-10-26 16:15:22.868,11.88,pH,-293.0,mV,25.0,C,96.0,%
2020-10-26 16:15:24.069,11.88,pH,-292.9,mV,25.0,C,96.0,%
2020-10-26 16:15:25.270,11.88,pH,-292.9,mV,25.0,C,96.0,%
2020-10-26 16:15:25.870,11.88,pH,-292.9,mV,25.0,C,96.0,%
2020-10-26 16:15:27.071,11.87,pH,-292.8,mV,25.0,C,96.0,%
2020-10-26 16:15:28.873,11.87,pH,-292.8,mV,25.0,C,96.0,%
2020-10-26 16:15:30.074,11.87,pH,-292.8,mV,25.0,C,96.0,%
2020-10-26 16:15:31.274,11.88,pH,-292.9,mV,25.0,C,96.0,%
2020-10-26 16:15:32.475,11.88,pH,-292.9,mV,25.0,C,96.0,%
2020-10-26 16:15:33.676,11.88,pH,-293.0,mV,25.0,C,96.0,%
2020-10-26 16:15:34.877,11.88,pH,-293.1,mV,25.0,C,96.0,%
2020-10-26 16:15:36.078,11.88,pH,-293.1,mV,25.0,C,96.0,%
2020-10-26 16:15:37.279,11.88,pH,-293.2,mV,25.0,C,96.0,%
2020-10-26 16:15:38.479,11.88,pH,-293.2,mV,25.0,C,96.0,%
2020-10-26 16:15:39.680,11.88,pH,-293.2,mV,25.0,C,96.0,%
2020-10-26 16:15:40.881,11.88,pH,-293.3,mV,25.0,C,96.0,%
2020-10-26 16:15:42.082,11.88,pH,-293.2,mV,25.0,C,96.0,%
2020-10-26 16:15:43.441,11.88,pH,-293.2,mV,25.0,C,96.0,%
2020-10-26 16:15:44.642,11.88,pH,-293.2,mV,25.0,C,96.0,%
2020-10-26 16:15:45.843,11.88,pH,-293.1,mV,25.0,C,96.0,%
2020-10-26 16:15:47.043,11.88,pH,-293.1,mV,25.0,C,96.0,%
2020-10-26 16:15:48.244,11.88,pH,-293.1,mV,25.0,C,96.0,%
2020-10-26 16:15:49.445,11.88,pH,-293.0,mV,25.0,C,96.0,%
2020-10-26 16:15:50.646,11.88,pH,-292.9,mV,25.0,C,96.0,%
2020-10-26 16:15:51.847,11.87,pH,-292.8,mV,25.0,C,96.0,%
2020-10-26 16:15:53.048,11.87,pH,-292.7,mV,25.0,C,96.0,%
2020-10-26 16:15:54.249,11.87,pH,-292.7,mV,25.0,C,96.0,%
2020-10-26 16:15:55.449,11.87,pH,-292.7,mV,25.0,C,96.0,%
2020-10-26 16:15:56.650,11.87,pH,-292.7,mV,25.0,C,96.0,%
2020-10-26 16:15:57.851,11.86,pH,-292.2,mV,25.0,C,96.0,%
2020-10-26 16:15:59.052,11.87,pH,-292.8,mV,25.0,C,96.0,%
2020-10-26 16:16:00.253,11.87,pH,-292.6,mV,25.0,C,96.0,%
2020-10-26 16:16:01.454,11.87,pH,-292.6,mV,25.0,C,96.0,%
2020-10-26 16:16:02.654,11.87,pH,-292.5,mV,25.0,C,96.0,%
2020-10-26 16:16:03.855,11.87,pH,-292.4,mV,25.0,C,96.0,%
2020-10-26 16:16:05.056,11.86,pH,-292.2,mV,25.0,C,96.0,%
2020-10-26 16:16:06.257,11.86,pH,-292.1,mV,25.0,C,96.0,%
2020-10-26 17:00:28.279,11.64,pH,-279.7,mV,25.0,C,96.0,%
2020-10-26 17:00:29.480,11.64,pH,-279.7,mV,25.0,C,96.0,%
2020-10-26 17:00:30.080,11.64,pH,-279.5,mV,25.0,C,96.0,%
2020-10-26 17:00:31.281,11.64,pH,-279.8,mV,25.0,C,96.0,%
2020-10-26 17:00:32.482,11.64,pH,-279.6,mV,25.0,C,96.0,%
2020-10-26 17:00:33.083,11.64,pH,-279.7,mV,25.0,C,96.0,%
2020-10-26 17:00:34.283,11.64,pH,-279.8,mV,25.0,C,96.0,%
2020-10-26 17:00:35.484,11.64,pH,-279.8,mV,25.0,C,96.0,%
2020-10-26 17:00:36.084,11.64,pH,-279.7,mV,25.0,C,96.0,%
2020-10-26 17:00:37.285,11.64,pH,-279.7,mV,25.0,C,96.0,%
2020-10-26 17:00:38.486,11.64,pH,-279.8,mV,25.0,C,96.0,%
2020-10-26 17:00:39.087,11.64,pH,-279.8,mV,25.0,C,96.0,%
2020-10-26 17:00:40.287,11.64,pH,-279.7,mV,25.0,C,96.0,%
2020-10-26 17:00:41.488,11.64,pH,-279.7,mV,25.0,C,96.0,%
2020-10-26 17:00:42.088,11.62,pH,-278.5,mV,25.0,C,96.0,%
2020-10-26 17:00:43.289,11.61,pH,-277.9,mV,25.0,C,96.0,%
2020-10-26 17:00:44.490,11.61,pH,-277.7,mV,25.0,C,96.0,%
2020-10-26 17:00:45.091,11.61,pH,-277.8,mV,25.0,C,96.0,%
2020-10-26 17:00:46.292,11.60,pH,-277.6,mV,25.0,C,96.0,%
2020-10-26 17:00:47.492,11.60,pH,-277.6,mV,25.0,C,96.0,%
2020-10-26 17:00:48.092,11.60,pH,-277.4,mV,25.0,C,96.0,%
2020-10-26 17:00:49.293,11.60,pH,-277.6,mV,25.0,C,96.0,%
2020-10-26 17:00:50.495,11.60,pH,-277.3,mV,25.0,C,96.0,%
2020-10-26 17:00:51.095,11.60,pH,-277.5,mV,25.0,C,96.0,%
2020-10-26 17:00:52.296,11.60,pH,-277.4,mV,25.0,C,96.0,%
2020-10-26 17:00:53.497,11.60,pH,-277.4,mV,25.0,C,96.0,%
2020-10-26 17:00:54.097,11.60,pH,-277.4,mV,25.0,C,96.0,%
2020-10-26 17:00:55.298,11.60,pH,-277.3,mV,25.0,C,96.0,%
2020-10-26 17:00:57.099,11.60,pH,-277.2,mV,25.0,C,96.0,%
2020-10-26 17:00:58.300,11.60,pH,-277.1,mV,25.0,C,96.0,%
2020-10-26 17:00:59.501,11.60,pH,-277.1,mV,25.0,C,96.0,%
2020-10-26 17:01:00.702,11.60,pH,-277.1,mV,25.0,C,96.0,%
2020-10-26 17:01:01.903,11.60,pH,-277.1,mV,25.0,C,96.0,%
2020-10-26 17:01:03.104,11.60,pH,-277.1,mV,25.0,C,96.0,%
2020-10-26 17:01:04.304,11.60,pH,-277.1,mV,25.0,C,96.0,%
2020-10-26 17:01:05.505,11.59,pH,-277.1,mV,25.0,C,96.0,%
2020-10-26 17:01:06.706,11.60,pH,-277.1,mV,25.0,C,96.0,%
2020-10-26 17:01:07.907,11.60,pH,-277.1,mV,25.0,C,96.0,%
2020-10-26 17:01:09.108,11.60,pH,-277.1,mV,25.0,C,96.0,%
2020-10-26 17:01:10.309,11.60,pH,-277.2,mV,25.0,C,96.0,%
2020-10-26 17:01:11.510,11.60,pH,-277.2,mV,25.0,C,96.0,%
2020-10-26 17:01:12.710,11.60,pH,-277.3,mV,25.0,C,96.0,%
2020-10-26 17:01:13.911,11.60,pH,-277.4,mV,25.0,C,96.0,%
2020-10-26 17:01:15.112,11.60,pH,-277.5,mV,25.0,C,96.0,%
2020-10-26 17:01:16.313,11.61,pH,-277.7,mV,25.0,C,96.0,%
2020-10-26 17:01:17.514,11.61,pH,-277.8,mV,25.0,C,96.0,%
2020-10-26 17:01:18.714,11.61,pH,-277.9,mV,25.0,C,96.0,%
2020-10-26 17:01:19.915,11.61,pH,-278.0,mV,25.0,C,96.0,%
2020-10-26 17:01:21.116,11.61,pH,-278.2,mV,25.0,C,96.0,%
2020-10-26 17:01:22.317,11.62,pH,-278.3,mV,25.0,C,96.0,%
2020-10-26 17:01:23.518,11.62,pH,-278.5,mV,25.0,C,96.0,%
2020-10-26 17:01:24.719,11.62,pH,-278.6,mV,25.0,C,96.0,%
2020-10-26 17:01:25.920,11.62,pH,-278.7,mV,25.0,C,96.0,%
2020-10-26 17:01:27.120,11.63,pH,-278.8,mV,25.0,C,96.0,%
2020-10-26 17:01:28.321,11.63,pH,-278.9,mV,25.0,C,96.0,%
2020-10-26 17:01:29.522,11.63,pH,-278.9,mV,25.0,C,96.0,%
2020-10-26 17:01:30.723,11.63,pH,-278.9,mV,25.0,C,96.0,%
2020-10-26 17:01:31.924,11.63,pH,-278.8,mV,25.0,C,96.0,%
2020-10-26 17:01:33.125,11.62,pH,-278.7,mV,25.0,C,96.0,%
2020-10-26 17:01:34.325,11.62,pH,-278.6,mV,25.0,C,96.0,%
2020-10-26 17:01:35.526,11.62,pH,-278.5,mV,25.0,C,96.0,%
2020-10-26 17:01:36.727,11.62,pH,-278.4,mV,25.0,C,96.0,%
2020-10-26 17:01:37.928,11.62,pH,-278.3,mV,25.0,C,96.0,%
2020-10-26 17:01:39.129,11.62,pH,-278.2,mV,25.0,C,96.0,%
2020-10-26 17:01:40.330,11.62,pH,-278.2,mV,25.0,C,96.0,%
2020-10-26 17:01:41.530,11.63,pH,-279.0,mV,25.0,C,96.0,%
2020-10-26 17:01:42.731,11.63,pH,-279.1,mV,25.0,C,96.0,%
2020-10-26 17:01:43.932,11.63,pH,-278.9,mV,25.0,C,96.0,%
2020-10-26 17:01:45.133,11.63,pH,-279.2,mV,25.0,C,96.0,%
2020-10-26 17:01:46.334,11.63,pH,-279.2,mV,25.0,C,96.0,%
2020-10-26 17:01:47.535,11.63,pH,-279.2,mV,25.0,C,96.0,%
2020-10-26 17:01:48.736,11.63,pH,-279.3,mV,25.0,C,96.0,%
2020-10-26 17:01:49.937,11.63,pH,-279.2,mV,25.0,C,96.0,%
2020-10-26 17:01:51.137,11.63,pH,-279.2,mV,25.0,C,96.0,%
2020-10-26 17:01:52.338,11.63,pH,-279.1,mV,25.0,C,96.0,%
2020-10-26 17:01:53.539,11.63,pH,-279.1,mV,25.0,C,96.0,%
2020-10-26 17:01:54.740,11.63,pH,-279.2,mV,25.0,C,96.0,%
2020-10-26 17:01:55.941,11.63,pH,-279.2,mV,25.0,C,96.0,%
2020-10-26 17:01:57.142,11.63,pH,-279.2,mV,25.0,C,96.0,%
2020-10-26 17:01:58.342,11.63,pH,-279.2,mV,25.0,C,96.0,%
2020-10-26 17:01:59.543,11.63,pH,-279.1,mV,25.0,C,96.0,%
2020-10-26 17:02:00.744,11.63,pH,-279.1,mV,25.0,C,96.0,%
2020-10-26 17:02:01.945,11.63,pH,-279.1,mV,25.0,C,96.0,%
2020-10-26 17:02:03.146,11.63,pH,-279.0,mV,25.0,C,96.0,%
2020-10-26 17:02:04.347,11.63,pH,-278.9,mV,25.0,C,96.0,%
2020-10-26 17:46:26.196,11.70,pH,-283.1,mV,25.0,C,96.0,%
2020-10-26 17:46:27.397,11.69,pH,-282.2,mV,25.0,C,96.0,%
2020-10-26 17:46:27.997,11.71,pH,-283.3,mV,25.0,C,96.0,%
2020-10-26 17:46:29.198,11.70,pH,-283.1,mV,25.0,C,96.0,%
2020-10-26 17:46:30.399,11.70,pH,-283.1,mV,25.0,C,96.0,%
2020-10-26 17:46:30.999,11.69,pH,-282.6,mV,25.0,C,96.0,%
2020-10-26 17:46:32.200,11.69,pH,-282.5,mV,25.0,C,96.0,%
2020-10-26 17:46:33.401,11.68,pH,-282.1,mV,25.0,C,96.0,%
2020-10-26 17:46:34.002,11.69,pH,-282.3,mV,25.0,C,96.0,%
2020-10-26 17:46:35.202,11.69,pH,-282.4,mV,25.0,C,96.0,%
2020-10-26 17:46:37.004,11.69,pH,-282.6,mV,25.0,C,96.0,%
2020-10-26 17:46:38.204,11.66,pH,-280.9,mV,25.0,C,96.0,%
2020-10-26 17:46:39.405,11.63,pH,-279.3,mV,25.0,C,96.0,%
2020-10-26 17:46:40.606,11.60,pH,-277.3,mV,25.0,C,96.0,%
2020-10-26 17:46:41.807,11.56,pH,-275.3,mV,25.0,C,96.0,%
2020-10-26 17:46:43.008,11.55,pH,-274.3,mV,25.0,C,96.0,%
2020-10-26 17:46:44.209,11.54,pH,-273.7,mV,25.0,C,96.0,%
2020-10-26 17:46:45.409,11.53,pH,-273.2,mV,25.0,C,96.0,%
2020-10-26 17:46:46.610,11.51,pH,-272.3,mV,25.0,C,96.0,%
2020-10-26 17:46:47.811,11.51,pH,-272.3,mV,25.0,C,96.0,%
2020-10-26 17:46:49.012,11.51,pH,-272.4,mV,25.0,C,96.0,%
2020-10-26 17:46:50.213,11.52,pH,-272.7,mV,25.0,C,96.0,%
2020-10-26 17:46:51.414,11.52,pH,-272.8,mV,25.0,C,96.0,%
2020-10-26 17:46:52.614,11.52,pH,-272.7,mV,25.0,C,96.0,%
2020-10-26 17:46:53.815,11.52,pH,-272.9,mV,25.0,C,96.0,%
2020-10-26 17:46:55.016,11.52,pH,-272.7,mV,25.0,C,96.0,%
2020-10-26 17:46:56.217,11.52,pH,-272.8,mV,25.0,C,96.0,%
2020-10-26 17:46:57.418,11.52,pH,-272.9,mV,25.0,C,96.0,%
2020-10-26 17:46:58.619,11.52,pH,-273.0,mV,25.0,C,96.0,%
2020-10-26 17:46:59.819,11.52,pH,-273.1,mV,25.0,C,96.0,%
2020-10-26 17:47:01.020,11.52,pH,-273.1,mV,25.0,C,96.0,%
2020-10-26 17:47:02.221,11.53,pH,-273.2,mV,25.0,C,96.0,%
2020-10-26 17:47:03.422,11.53,pH,-273.2,mV,25.0,C,96.0,%
2020-10-26 17:47:04.623,11.53,pH,-273.2,mV,25.0,C,96.0,%
2020-10-26 17:47:05.824,11.53,pH,-273.2,mV,25.0,C,96.0,%
2020-10-26 17:47:07.025,11.53,pH,-273.2,mV,25.0,C,96.0,%
2020-10-26 17:47:08.225,11.53,pH,-273.2,mV,25.0,C,96.0,%
2020-10-26 17:47:09.426,11.53,pH,-273.2,mV,25.0,C,96.0,%
2020-10-26 17:47:10.627,11.53,pH,-273.2,mV,25.0,C,96.0,%
2020-10-26 17:47:11.828,11.53,pH,-273.2,mV,25.0,C,96.0,%
2020-10-26 17:47:13.029,11.53,pH,-273.2,mV,25.0,C,96.0,%
2020-10-26 17:47:14.230,11.52,pH,-273.1,mV,25.0,C,96.0,%
2020-10-26 17:47:15.430,11.52,pH,-273.1,mV,25.0,C,96.0,%
2020-10-26 17:47:16.631,11.52,pH,-273.1,mV,25.0,C,96.0,%
2020-10-26 17:47:17.832,11.52,pH,-273.0,mV,25.0,C,96.0,%
2020-10-26 17:47:19.033,11.52,pH,-273.0,mV,25.0,C,96.0,%
2020-10-26 17:47:20.234,11.52,pH,-272.9,mV,25.0,C,96.0,%
2020-10-26 17:47:21.435,11.52,pH,-272.9,mV,25.0,C,96.0,%
2020-10-26 17:47:22.635,11.52,pH,-272.9,mV,25.0,C,96.0,%
2020-10-26 17:47:23.836,11.52,pH,-272.9,mV,25.0,C,96.0,%
2020-10-26 17:47:25.037,11.52,pH,-272.9,mV,25.0,C,96.0,%
2020-10-26 17:47:26.238,11.52,pH,-272.9,mV,25.0,C,96.0,%
2020-10-26 17:47:27.623,11.52,pH,-272.9,mV,25.0,C,96.0,%
2020-10-26 17:47:28.824,11.52,pH,-272.9,mV,25.0,C,96.0,%
2020-10-26 17:47:30.025,11.52,pH,-272.9,mV,25.0,C,96.0,%
2020-10-26 17:47:31.226,11.52,pH,-273.0,mV,25.0,C,96.0,%
2020-10-26 17:47:32.426,11.52,pH,-273.0,mV,25.0,C,96.0,%
2020-10-26 17:47:33.627,11.52,pH,-273.0,mV,25.0,C,96.0,%
2020-10-26 17:47:34.828,11.52,pH,-273.0,mV,25.0,C,96.0,%
2020-10-26 17:47:36.029,11.52,pH,-272.9,mV,25.0,C,96.0,%
2020-10-26 17:47:37.230,11.52,pH,-272.9,mV,25.0,C,96.0,%
2020-10-26 17:47:38.431,11.52,pH,-272.9,mV,25.0,C,96.0,%
2020-10-26 17:47:39.632,11.52,pH,-272.8,mV,25.0,C,96.0,%
2020-10-26 17:47:40.832,11.52,pH,-272.7,mV,25.0,C,96.0,%
2020-10-26 17:47:42.033,11.52,pH,-272.7,mV,25.0,C,96.0,%
2020-10-26 17:47:43.234,11.52,pH,-272.7,mV,25.0,C,96.0,%
2020-10-26 17:47:44.435,11.52,pH,-272.7,mV,25.0,C,96.0,%
2020-10-26 17:47:45.636,11.52,pH,-272.7,mV,25.0,C,96.0,%
2020-10-26 17:47:46.836,11.52,pH,-272.7,mV,25.0,C,96.0,%
2020-10-26 17:47:48.037,11.52,pH,-272.8,mV,25.0,C,96.0,%
2020-10-26 17:47:49.239,11.52,pH,-272.8,mV,25.0,C,96.0,%
2020-10-26 17:47:50.439,11.52,pH,-272.9,mV,25.0,C,96.0,%
2020-10-26 17:47:51.640,11.52,pH,-272.9,mV,25.0,C,96.0,%
2020-10-26 17:47:52.841,11.52,pH,-273.0,mV,25.0,C,96.0,%
2020-10-26 17:47:54.041,11.52,pH,-273.1,mV,25.0,C,96.0,%
2020-10-26 17:47:55.242,11.52,pH,-273.1,mV,25.0,C,96.0,%
2020-10-26 17:47:56.443,11.53,pH,-273.2,mV,25.0,C,96.0,%
2020-10-26 17:47:57.644,11.53,pH,-273.2,mV,25.0,C,96.0,%
2020-10-26 17:47:58.845,11.52,pH,-273.0,mV,25.0,C,96.0,%
2020-10-26 17:48:00.047,11.50,pH,-271.9,mV,25.0,C,96.0,%
2020-10-26 17:48:01.247,11.52,pH,-272.6,mV,25.0,C,96.0,%
2020-10-26 17:48:02.447,11.51,pH,-272.3,mV,25.0,C,96.0,%
2020-10-27 10:16:11.739,10.74,pH,-228.7,mV,25.0,C,96.0,%
2020-10-27 10:16:12.940,10.64,pH,-223.4,mV,25.0,C,96.0,%
2020-10-27 10:16:14.141,10.89,pH,-237.5,mV,25.0,C,96.0,%
2020-10-27 10:16:15.341,11.00,pH,-243.3,mV,25.0,C,96.0,%
2020-10-27 10:16:16.542,11.03,pH,-245.2,mV,25.0,C,96.0,%
2020-10-27 10:16:17.743,10.98,pH,-242.3,mV,25.0,C,96.0,%
2020-10-27 10:16:18.944,10.89,pH,-237.1,mV,25.0,C,96.0,%
2020-10-27 10:16:20.145,11.07,pH,-247.7,mV,25.0,C,96.0,%
2020-10-27 10:16:21.346,11.35,pH,-263.5,mV,25.0,C,96.0,%
2020-10-27 10:16:22.546,11.48,pH,-270.6,mV,25.0,C,96.0,%
2020-10-27 10:16:23.747,11.56,pH,-275.1,mV,25.0,C,96.0,%
2020-10-27 10:16:24.948,11.59,pH,-277.0,mV,25.0,C,96.0,%
2020-10-27 10:16:26.149,11.54,pH,-273.9,mV,25.0,C,96.0,%
2020-10-27 10:16:27.350,11.46,pH,-269.5,mV,25.0,C,96.0,%
2020-10-27 10:16:28.551,11.38,pH,-264.8,mV,25.0,C,96.0,%
2020-10-27 10:16:29.751,11.33,pH,-262.4,mV,25.0,C,96.0,%
2020-10-27 10:16:30.953,11.32,pH,-261.8,mV,25.0,C,96.0,%
2020-10-27 10:16:32.153,11.35,pH,-263.4,mV,25.0,C,96.0,%
2020-10-27 10:16:33.354,11.38,pH,-265.2,mV,25.0,C,96.0,%
2020-10-27 10:16:34.555,11.42,pH,-267.3,mV,25.0,C,96.0,%
2020-10-27 10:16:35.756,11.46,pH,-269.5,mV,25.0,C,96.0,%
2020-10-27 10:16:36.957,11.49,pH,-271.2,mV,25.0,C,96.0,%
2020-10-27 10:16:38.158,11.52,pH,-272.9,mV,25.0,C,96.0,%
2020-10-27 10:16:39.359,11.55,pH,-274.6,mV,25.0,C,96.0,%
2020-10-27 10:16:40.559,11.53,pH,-273.6,mV,25.0,C,96.0,%
2020-10-27 10:16:41.760,11.56,pH,-275.0,mV,25.0,C,96.0,%
2020-10-27 10:16:42.961,11.58,pH,-276.3,mV,25.0,C,96.0,%
2020-10-27 10:16:44.162,11.60,pH,-277.3,mV,25.0,C,96.0,%
2020-10-27 10:16:45.217,11.64,pH,-279.7,mV,25.0,C,96.0,%
2020-10-27 10:16:46.418,11.64,pH,-279.7,mV,25.0,C,96.0,%
2020-10-27 10:16:47.619,11.65,pH,-280.1,mV,25.0,C,96.0,%
2020-10-27 10:16:48.820,11.65,pH,-280.4,mV,25.0,C,96.0,%
2020-10-27 10:16:50.021,11.66,pH,-280.6,mV,25.0,C,96.0,%
2020-10-27 10:16:51.222,11.66,pH,-280.7,mV,25.0,C,96.0,%
2020-10-27 10:16:52.422,11.66,pH,-280.8,mV,25.0,C,96.0,%
2020-10-27 10:16:53.623,11.65,pH,-280.4,mV,25.0,C,96.0,%
2020-10-27 10:16:54.824,11.66,pH,-280.5,mV,25.0,C,96.0,%
2020-10-27 10:16:56.025,11.66,pH,-280.7,mV,25.0,C,96.0,%
2020-10-27 10:16:57.226,11.66,pH,-280.8,mV,25.0,C,96.0,%
2020-10-27 10:16:58.427,11.66,pH,-280.9,mV,25.0,C,96.0,%
2020-10-27 10:16:59.628,11.67,pH,-281.1,mV,25.0,C,96.0,%
2020-10-27 10:17:00.828,11.67,pH,-281.1,mV,25.0,C,96.0,%
2020-10-27 10:17:02.029,11.67,pH,-281.2,mV,25.0,C,96.0,%
2020-10-27 10:17:03.235,11.67,pH,-281.3,mV,25.0,C,96.0,%
2020-10-27 10:17:04.431,11.67,pH,-281.4,mV,25.0,C,96.0,%
2020-10-27 10:17:05.632,11.67,pH,-281.5,mV,25.0,C,96.0,%
2020-10-27 10:17:06.833,11.67,pH,-281.5,mV,25.0,C,96.0,%
2020-10-27 10:17:08.034,11.68,pH,-281.6,mV,25.0,C,96.0,%
2020-10-27 10:17:09.235,11.68,pH,-281.7,mV,25.0,C,96.0,%
2020-10-27 10:17:10.435,11.68,pH,-281.8,mV,25.0,C,96.0,%
2020-10-27 10:17:11.636,11.68,pH,-281.9,mV,25.0,C,96.0,%
2020-10-27 10:17:12.837,11.68,pH,-282.0,mV,25.0,C,96.0,%
2020-10-27 10:17:14.038,11.68,pH,-282.1,mV,25.0,C,96.0,%
2020-10-27 10:17:15.238,11.69,pH,-282.2,mV,25.0,C,96.0,%
2020-10-27 10:17:16.439,11.69,pH,-282.3,mV,25.0,C,96.0,%
2020-10-27 10:17:17.640,11.69,pH,-282.5,mV,25.0,C,96.0,%
2020-10-27 10:17:18.841,11.69,pH,-282.6,mV,25.0,C,96.0,%
2020-10-27 10:17:20.042,11.69,pH,-282.7,mV,25.0,C,96.0,%
2020-10-27 10:17:21.243,11.70,pH,-282.8,mV,25.0,C,96.0,%
2020-10-27 10:17:22.444,11.70,pH,-282.9,mV,25.0,C,96.0,%
2020-10-27 10:17:23.645,11.70,pH,-282.9,mV,25.0,C,96.0,%
2020-10-27 10:17:24.845,11.70,pH,-283.0,mV,25.0,C,96.0,%
2020-10-27 10:17:26.046,11.70,pH,-283.1,mV,25.0,C,96.0,%
2020-10-27 10:17:27.254,11.70,pH,-283.2,mV,25.0,C,96.0,%
2020-10-27 10:17:28.448,11.70,pH,-283.2,mV,25.0,C,96.0,%
2020-10-27 10:17:29.649,11.71,pH,-283.3,mV,25.0,C,96.0,%
2020-10-27 10:17:30.850,11.71,pH,-283.4,mV,25.0,C,96.0,%
2020-10-27 10:17:32.050,11.71,pH,-283.4,mV,25.0,C,96.0,%
2020-10-27 10:17:33.251,11.71,pH,-283.5,mV,25.0,C,96.0,%
2020-10-27 10:17:34.452,11.71,pH,-283.6,mV,25.0,C,96.0,%
2020-10-27 10:17:35.653,11.71,pH,-283.7,mV,25.0,C,96.0,%
2020-10-27 10:17:36.854,11.71,pH,-283.8,mV,25.0,C,96.0,%
2020-10-27 10:17:38.055,11.72,pH,-283.9,mV,25.0,C,96.0,%
2020-10-27 10:17:39.255,11.72,pH,-284.0,mV,25.0,C,96.0,%
2020-10-27 10:17:40.456,11.72,pH,-284.1,mV,25.0,C,96.0,%
2020-10-27 10:17:41.657,11.72,pH,-284.2,mV,25.0,C,96.0,%
2020-10-27 10:17:42.858,11.72,pH,-284.3,mV,25.0,C,96.0,%
2020-10-27 10:17:44.059,11.71,pH,-283.4,mV,25.0,C,96.0,%
2020-10-27 10:17:45.260,11.71,pH,-283.8,mV,25.0,C,96.0,%
2020-10-27 10:17:46.460,11.72,pH,-283.9,mV,25.0,C,96.0,%
2020-10-27 10:17:47.661,11.71,pH,-283.7,mV,25.0,C,96.0,%
2020-10-27 11:02:13.442,11.77,pH,-286.9,mV,25.0,C,96.0,%
2020-10-27 11:02:14.643,11.77,pH,-286.9,mV,25.0,C,96.0,%
2020-10-27 11:02:15.243,11.78,pH,-287.3,mV,25.0,C,96.0,%
2020-10-27 11:02:16.444,11.78,pH,-287.3,mV,25.0,C,96.0,%
2020-10-27 11:02:17.645,11.77,pH,-287.2,mV,25.0,C,96.0,%
2020-10-27 11:02:18.246,11.78,pH,-287.2,mV,25.0,C,96.0,%
2020-10-27 11:02:19.446,11.78,pH,-287.2,mV,25.0,C,96.0,%
2020-10-27 11:02:20.647,11.78,pH,-287.2,mV,25.0,C,96.0,%
2020-10-27 11:02:21.247,11.78,pH,-287.3,mV,25.0,C,96.0,%
2020-10-27 11:02:22.448,11.82,pH,-289.9,mV,25.0,C,96.0,%
2020-10-27 11:02:23.649,11.88,pH,-293.2,mV,25.0,C,96.0,%
2020-10-27 11:02:24.250,11.90,pH,-294.4,mV,25.0,C,96.0,%
2020-10-27 11:02:25.451,11.90,pH,-294.2,mV,25.0,C,96.0,%
2020-10-27 11:02:26.651,11.90,pH,-294.2,mV,25.0,C,96.0,%
2020-10-27 11:02:27.251,11.87,pH,-292.8,mV,25.0,C,96.0,%
2020-10-27 11:02:28.452,11.84,pH,-291.0,mV,25.0,C,96.0,%
2020-10-27 11:02:29.653,11.79,pH,-288.1,mV,25.0,C,96.0,%
2020-10-27 11:02:30.254,11.72,pH,-284.0,mV,25.0,C,96.0,%
2020-10-27 11:02:31.455,11.65,pH,-280.2,mV,25.0,C,96.0,%
2020-10-27 11:02:32.656,11.65,pH,-280.2,mV,25.0,C,96.0,%
2020-10-27 11:02:33.256,11.57,pH,-275.8,mV,25.0,C,96.0,%
2020-10-27 11:02:34.457,11.48,pH,-270.8,mV,25.0,C,96.0,%
2020-10-27 11:02:35.657,11.41,pH,-266.6,mV,25.0,C,96.0,%
2020-10-27 11:02:36.259,11.32,pH,-261.7,mV,25.0,C,96.0,%
2020-10-27 11:02:37.459,11.24,pH,-257.2,mV,25.0,C,96.0,%
2020-10-27 11:02:38.660,11.24,pH,-257.2,mV,25.0,C,96.0,%
2020-10-27 11:02:39.260,11.18,pH,-253.9,mV,25.0,C,96.0,%
2020-10-27 11:02:40.461,11.12,pH,-250.5,mV,25.0,C,96.0,%
2020-10-27 11:02:42.262,11.03,pH,-245.2,mV,25.0,C,96.0,%
2020-10-27 11:02:43.463,11.00,pH,-243.4,mV,25.0,C,96.0,%
2020-10-27 11:02:44.664,10.98,pH,-242.7,mV,25.0,C,96.0,%
2020-10-27 11:02:45.865,11.01,pH,-244.0,mV,25.0,C,96.0,%
2020-10-27 11:02:47.066,11.03,pH,-245.5,mV,25.0,C,96.0,%
2020-10-27 11:02:48.267,11.09,pH,-248.4,mV,25.0,C,96.0,%
2020-10-27 11:02:49.467,11.12,pH,-250.1,mV,25.0,C,96.0,%
2020-10-27 11:02:50.669,11.16,pH,-252.6,mV,25.0,C,96.0,%
2020-10-27 11:02:51.869,11.20,pH,-254.7,mV,25.0,C,96.0,%
2020-10-27 11:02:53.070,11.23,pH,-256.3,mV,25.0,C,96.0,%
2020-10-27 11:02:54.271,11.26,pH,-258.2,mV,25.0,C,96.0,%
2020-10-27 11:02:55.472,11.29,pH,-259.8,mV,25.0,C,96.0,%
2020-10-27 11:02:56.673,11.30,pH,-260.6,mV,25.0,C,96.0,%
2020-10-27 11:02:57.873,11.32,pH,-261.8,mV,25.0,C,96.0,%
2020-10-27 11:02:59.074,11.35,pH,-263.0,mV,25.0,C,96.0,%
2020-10-27 11:03:00.275,11.36,pH,-263.7,mV,25.0,C,96.0,%
2020-10-27 11:03:01.476,11.37,pH,-264.5,mV,25.0,C,96.0,%
2020-10-27 11:03:02.677,11.39,pH,-265.3,mV,25.0,C,96.0,%
2020-10-27 11:03:03.878,11.40,pH,-266.0,mV,25.0,C,96.0,%
2020-10-27 11:03:05.079,11.41,pH,-266.6,mV,25.0,C,96.0,%
2020-10-27 11:03:06.279,11.42,pH,-267.2,mV,25.0,C,96.0,%
2020-10-27 11:03:07.480,11.43,pH,-267.8,mV,25.0,C,96.0,%
2020-10-27 11:03:08.681,11.44,pH,-268.4,mV,25.0,C,96.0,%
2020-10-27 11:03:09.882,11.45,pH,-268.9,mV,25.0,C,96.0,%
2020-10-27 11:03:11.083,11.46,pH,-269.3,mV,25.0,C,96.0,%
2020-10-27 11:03:12.284,11.47,pH,-269.9,mV,25.0,C,96.0,%
2020-10-27 11:03:13.484,11.48,pH,-270.5,mV,25.0,C,96.0,%
2020-10-27 11:03:14.685,11.49,pH,-270.9,mV,25.0,C,96.0,%
2020-10-27 11:03:15.886,11.49,pH,-271.3,mV,25.0,C,96.0,%
2020-10-27 11:03:17.087,11.50,pH,-271.9,mV,25.0,C,96.0,%
2020-10-27 11:03:18.288,11.51,pH,-272.2,mV,25.0,C,96.0,%
2020-10-27 11:03:19.489,11.51,pH,-272.5,mV,25.0,C,96.0,%
2020-10-27 11:03:20.690,11.52,pH,-272.8,mV,25.0,C,96.0,%
2020-10-27 11:03:21.890,11.52,pH,-273.0,mV,25.0,C,96.0,%
2020-10-27 11:03:23.091,11.53,pH,-273.2,mV,25.0,C,96.0,%
2020-10-27 11:03:24.292,11.53,pH,-273.4,mV,25.0,C,96.0,%
2020-10-27 11:03:25.493,11.52,pH,-272.8,mV,25.0,C,96.0,%
2020-10-27 11:03:26.694,11.52,pH,-273.1,mV,25.0,C,96.0,%
2020-10-27 11:03:27.895,11.53,pH,-273.3,mV,25.0,C,96.0,%
2020-10-27 11:03:29.095,11.53,pH,-273.5,mV,25.0,C,96.0,%
2020-10-27 11:03:30.296,11.53,pH,-273.7,mV,25.0,C,96.0,%
2020-10-27 11:03:31.497,11.54,pH,-273.8,mV,25.0,C,96.0,%
2020-10-27 11:03:32.698,11.54,pH,-274.0,mV,25.0,C,96.0,%
2020-10-27 11:03:33.899,11.54,pH,-274.2,mV,25.0,C,96.0,%
2020-10-27 11:03:35.100,11.55,pH,-274.3,mV,25.0,C,96.0,%
2020-10-27 11:03:36.301,11.55,pH,-274.4,mV,25.0,C,96.0,%
2020-10-27 11:03:37.502,11.55,pH,-274.6,mV,25.0,C,96.0,%
2020-10-27 11:03:38.702,11.55,pH,-274.7,mV,25.0,C,96.0,%
2020-10-27 11:03:39.903,11.56,pH,-274.8,mV,25.0,C,96.0,%
2020-10-27 11:03:41.104,11.56,pH,-274.9,mV,25.0,C,96.0,%
2020-10-27 11:03:42.305,11.56,pH,-275.0,mV,25.0,C,96.0,%
2020-10-27 11:03:43.506,11.56,pH,-275.1,mV,25.0,C,96.0,%
2020-10-27 11:03:44.707,11.56,pH,-275.2,mV,25.0,C,96.0,%
2020-10-27 11:03:45.908,11.56,pH,-275.2,mV,25.0,C,96.0,%
2020-10-27 11:03:47.108,11.56,pH,-275.3,mV,25.0,C,96.0,%
2020-10-27 11:03:48.309,11.56,pH,-275.3,mV,25.0,C,96.0,%
2020-10-27 11:03:49.510,11.56,pH,-275.4,mV,25.0,C,96.0,%
2020-10-27 11:46:01.655,11.61,pH,-278.1,mV,25.0,C,96.0,%
2020-10-27 11:46:02.856,11.62,pH,-278.3,mV,25.0,C,96.0,%
2020-10-27 11:46:03.456,11.62,pH,-278.3,mV,25.0,C,96.0,%
2020-10-27 11:46:04.657,11.62,pH,-278.3,mV,25.0,C,96.0,%
2020-10-27 11:46:05.858,11.62,pH,-278.4,mV,25.0,C,96.0,%
2020-10-27 11:46:06.459,11.62,pH,-278.4,mV,25.0,C,96.0,%
2020-10-27 11:46:07.660,11.62,pH,-278.2,mV,25.0,C,96.0,%
2020-10-27 11:46:08.860,11.62,pH,-278.3,mV,25.0,C,96.0,%
2020-10-27 11:46:09.460,11.62,pH,-278.3,mV,25.0,C,96.0,%
2020-10-27 11:46:10.661,11.70,pH,-282.8,mV,25.0,C,96.0,%
2020-10-27 11:46:11.863,11.79,pH,-288.2,mV,25.0,C,96.0,%
2020-10-27 11:46:13.063,11.84,pH,-291.1,mV,25.0,C,96.0,%
2020-10-27 11:46:13.664,11.86,pH,-291.7,mV,25.0,C,96.0,%
2020-10-27 11:46:14.865,11.84,pH,-291.1,mV,25.0,C,96.0,%
2020-10-27 11:46:16.065,11.84,pH,-291.1,mV,25.0,C,96.0,%
2020-10-27 11:46:16.666,11.81,pH,-289.2,mV,25.0,C,96.0,%
2020-10-27 11:46:17.866,11.77,pH,-286.9,mV,25.0,C,96.0,%
2020-10-27 11:46:19.067,11.71,pH,-283.4,mV,25.0,C,96.0,%
2020-10-27 11:46:19.668,11.63,pH,-278.9,mV,25.0,C,96.0,%
2020-10-27 11:46:20.869,11.55,pH,-274.8,mV,25.0,C,96.0,%
2020-10-27 11:46:22.070,11.55,pH,-274.8,mV,25.0,C,96.0,%
2020-10-27 11:46:22.670,11.47,pH,-270.1,mV,25.0,C,96.0,%
2020-10-27 11:46:23.870,11.38,pH,-264.7,mV,25.0,C,96.0,%
2020-10-27 11:46:25.071,11.30,pH,-260.3,mV,25.0,C,96.0,%
2020-10-27 11:46:25.672,11.22,pH,-255.9,mV,25.0,C,96.0,%
2020-10-27 11:46:26.873,11.12,pH,-250.3,mV,25.0,C,96.0,%
2020-10-27 11:46:28.074,11.12,pH,-250.3,mV,25.0,C,96.0,%
2020-10-27 11:46:28.674,11.05,pH,-246.5,mV,25.0,C,96.0,%
2020-10-27 11:46:29.875,10.98,pH,-242.4,mV,25.0,C,96.0,%
2020-10-27 11:46:31.076,10.89,pH,-237.3,mV,25.0,C,96.0,%
2020-10-27 11:46:31.676,10.82,pH,-233.3,mV,25.0,C,96.0,%
2020-10-27 11:46:32.877,10.75,pH,-229.6,mV,25.0,C,96.0,%
2020-10-27 11:46:34.078,10.75,pH,-229.6,mV,25.0,C,96.0,%
2020-10-27 11:46:34.678,10.68,pH,-225.8,mV,25.0,C,96.0,%
2020-10-27 11:46:35.879,10.62,pH,-222.2,mV,25.0,C,96.0,%
2020-10-27 11:46:37.080,10.57,pH,-219.1,mV,25.0,C,96.0,%
2020-10-27 11:46:37.681,10.50,pH,-215.5,mV,25.0,C,96.0,%
2020-10-27 11:46:38.881,10.49,pH,-214.6,mV,25.0,C,96.0,%
2020-10-27 11:46:40.082,10.49,pH,-214.6,mV,25.0,C,96.0,%
2020-10-27 11:46:40.682,10.41,pH,-210.6,mV,25.0,C,96.0,%
2020-10-27 11:46:41.883,10.39,pH,-209.1,mV,25.0,C,96.0,%
2020-10-27 11:46:43.685,10.29,pH,-203.7,mV,25.0,C,96.0,%
2020-10-27 11:46:44.886,10.26,pH,-201.8,mV,25.0,C,96.0,%
2020-10-27 11:46:46.086,10.24,pH,-200.6,mV,25.0,C,96.0,%
2020-10-27 11:46:47.289,10.21,pH,-198.8,mV,25.0,C,96.0,%
2020-10-27 11:46:48.488,10.18,pH,-197.2,mV,25.0,C,96.0,%
2020-10-27 11:46:49.689,10.16,pH,-196.2,mV,25.0,C,96.0,%
2020-10-27 11:46:50.890,10.13,pH,-194.3,mV,25.0,C,96.0,%
2020-10-27 11:46:52.091,10.11,pH,-193.6,mV,25.0,C,96.0,%
2020-10-27 11:46:53.292,10.10,pH,-192.9,mV,25.0,C,96.0,%
2020-10-27 11:46:54.493,10.07,pH,-190.9,mV,25.0,C,96.0,%
2020-10-27 11:46:55.693,10.05,pH,-190.2,mV,25.0,C,96.0,%
2020-10-27 11:46:56.895,10.03,pH,-189.0,mV,25.0,C,96.0,%
2020-10-27 11:46:58.095,10.06,pH,-190.4,mV,25.0,C,96.0,%
2020-10-27 11:46:59.296,10.04,pH,-189.6,mV,25.0,C,96.0,%
2020-10-27 11:47:00.497,10.02,pH,-188.2,mV,25.0,C,96.0,%
2020-10-27 11:47:01.698,10.02,pH,-188.6,mV,25.0,C,96.0,%
2020-10-27 11:47:02.899,10.02,pH,-188.2,mV,25.0,C,96.0,%
2020-10-27 11:47:04.099,10.01,pH,-188.0,mV,25.0,C,96.0,%
2020-10-27 11:47:05.300,10.02,pH,-188.1,mV,25.0,C,96.0,%
2020-10-27 11:47:06.501,10.01,pH,-187.9,mV,25.0,C,96.0,%
2020-10-27 11:47:07.702,10.03,pH,-188.7,mV,25.0,C,96.0,%
2020-10-27 11:47:08.903,10.01,pH,-187.7,mV,25.0,C,96.0,%
2020-10-27 11:47:10.103,10.02,pH,-188.5,mV,25.0,C,96.0,%
2020-10-27 11:47:11.304,10.02,pH,-188.1,mV,25.0,C,96.0,%
2020-10-27 11:47:12.505,10.01,pH,-187.9,mV,25.0,C,96.0,%
2020-10-27 11:47:13.706,10.02,pH,-188.4,mV,25.0,C,96.0,%
2020-10-27 11:47:14.907,10.03,pH,-188.7,mV,25.0,C,96.0,%
2020-10-27 11:47:16.108,10.03,pH,-189.2,mV,25.0,C,96.0,%
2020-10-27 11:47:17.309,10.03,pH,-189.2,mV,25.0,C,96.0,%
2020-10-27 11:47:18.509,10.03,pH,-188.7,mV,25.0,C,96.0,%
2020-10-27 11:47:19.710,10.03,pH,-188.9,mV,25.0,C,96.0,%
2020-10-27 11:47:20.911,10.03,pH,-189.2,mV,25.0,C,96.0,%
2020-10-27 11:47:22.112,10.04,pH,-189.5,mV,25.0,C,96.0,%
2020-10-27 11:47:23.167,10.04,pH,-189.7,mV,25.0,C,96.0,%
2020-10-27 11:47:24.369,10.05,pH,-189.9,mV,25.0,C,96.0,%
2020-10-27 11:47:25.569,10.05,pH,-190.1,mV,25.0,C,96.0,%
2020-10-27 11:47:26.770,10.05,pH,-190.2,mV,25.0,C,96.0,%
2020-10-27 11:47:27.970,10.06,pH,-190.4,mV,25.0,C,96.0,%
2020-10-27 11:47:29.171,10.06,pH,-190.4,mV,25.0,C,96.0,%
2020-10-27 11:47:30.372,10.06,pH,-190.5,mV,25.0,C,96.0,%
2020-10-27 11:47:31.573,10.07,pH,-191.2,mV,25.0,C,96.0,%
2020-10-27 11:47:32.773,10.07,pH,-191.3,mV,25.0,C,96.0,%
2020-10-27 11:47:33.974,10.07,pH,-191.4,mV,25.0,C,96.0,%
2020-10-27 11:47:35.175,10.20,pH,-198.5,mV,25.0,C,96.0,%
2020-10-27 11:47:36.376,10.19,pH,-198.2,mV,25.0,C,96.0,%
2020-10-27 11:47:37.577,10.23,pH,-200.0,mV,25.0,C,96.0,%
2020-10-27 12:41:20.943,11.18,pH,-253.6,mV,25.0,C,96.0,%
2020-10-27 12:41:21.544,11.18,pH,-253.5,mV,25.0,C,96.0,%
2020-10-27 12:41:22.745,11.18,pH,-253.6,mV,25.0,C,96.0,%
2020-10-27 12:41:23.946,11.18,pH,-253.6,mV,25.0,C,96.0,%
2020-10-27 12:41:24.546,11.18,pH,-253.6,mV,25.0,C,96.0,%
2020-10-27 12:41:25.747,11.18,pH,-253.7,mV,25.0,C,96.0,%
2020-10-27 12:41:27.548,11.24,pH,-257.2,mV,25.0,C,96.0,%
2020-10-27 12:41:28.749,11.36,pH,-263.8,mV,25.0,C,96.0,%
2020-10-27 12:41:29.950,11.78,pH,-287.5,mV,25.0,C,96.0,%
2020-10-27 12:41:31.151,11.86,pH,-291.8,mV,25.0,C,96.0,%
2020-10-27 12:41:32.352,11.88,pH,-293.3,mV,25.0,C,96.0,%
2020-10-27 12:41:33.552,11.89,pH,-293.5,mV,25.0,C,96.0,%
2020-10-27 12:41:34.754,11.87,pH,-292.7,mV,25.0,C,96.0,%
2020-10-27 12:41:35.954,11.83,pH,-290.5,mV,25.0,C,96.0,%
2020-10-27 12:41:37.155,11.79,pH,-287.8,mV,25.0,C,96.0,%
2020-10-27 12:41:38.356,11.71,pH,-283.8,mV,25.0,C,96.0,%
2020-10-27 12:41:39.557,11.62,pH,-278.3,mV,25.0,C,96.0,%
2020-10-27 12:41:40.758,11.54,pH,-273.7,mV,25.0,C,96.0,%
2020-10-27 12:41:41.959,11.44,pH,-268.3,mV,25.0,C,96.0,%
2020-10-27 12:41:43.159,11.33,pH,-262.1,mV,25.0,C,96.0,%
2020-10-27 12:41:44.360,11.24,pH,-257.2,mV,25.0,C,96.0,%
2020-10-27 12:41:45.561,11.14,pH,-251.6,mV,25.0,C,96.0,%
2020-10-27 12:41:46.762,11.05,pH,-246.6,mV,25.0,C,96.0,%
2020-10-27 12:41:47.963,10.97,pH,-241.7,mV,25.0,C,96.0,%
2020-10-27 12:41:49.164,10.90,pH,-237.7,mV,25.0,C,96.0,%
2020-10-27 12:41:50.365,10.83,pH,-233.7,mV,25.0,C,96.0,%
2020-10-27 12:41:51.565,10.76,pH,-230.1,mV,25.0,C,96.0,%
2020-10-27 12:41:52.766,10.68,pH,-225.8,mV,25.0,C,96.0,%
2020-10-27 12:41:53.967,10.63,pH,-222.5,mV,25.0,C,96.0,%
2020-10-27 12:41:55.168,10.56,pH,-218.5,mV,25.0,C,96.0,%
2020-10-27 12:41:56.369,10.48,pH,-214.3,mV,25.0,C,96.0,%
2020-10-27 12:41:57.569,10.43,pH,-211.2,mV,25.0,C,96.0,%
2020-10-27 12:41:58.770,10.37,pH,-208.1,mV,25.0,C,96.0,%
2020-10-27 12:41:59.971,10.32,pH,-205.2,mV,25.0,C,96.0,%
2020-10-27 12:42:01.172,10.25,pH,-201.3,mV,25.0,C,96.0,%
2020-10-27 12:42:02.373,10.21,pH,-198.8,mV,25.0,C,96.0,%
2020-10-27 12:42:03.574,10.16,pH,-196.4,mV,25.0,C,96.0,%
2020-10-27 12:42:04.774,10.11,pH,-193.4,mV,25.0,C,96.0,%
2020-10-27 12:42:05.975,10.07,pH,-191.0,mV,25.0,C,96.0,%
2020-10-27 12:42:07.176,10.03,pH,-189.2,mV,25.0,C,96.0,%
2020-10-27 12:42:08.377,9.99,pH,-186.6,mV,25.0,C,96.0,%
2020-10-27 12:42:09.578,9.94,pH,-183.8,mV,25.0,C,96.0,%
2020-10-27 12:42:10.779,9.90,pH,-181.5,mV,25.0,C,96.0,%
2020-10-27 12:42:11.980,9.87,pH,-179.7,mV,25.0,C,96.0,%
2020-10-27 12:42:13.180,9.82,pH,-177.2,mV,25.0,C,96.0,%
2020-10-27 12:42:14.381,9.81,pH,-176.5,mV,25.0,C,96.0,%
2020-10-27 12:42:15.582,9.80,pH,-176.0,mV,25.0,C,96.0,%
2020-10-27 12:42:16.783,9.78,pH,-175.1,mV,25.0,C,96.0,%
2020-10-27 12:42:17.984,9.76,pH,-174.0,mV,25.0,C,96.0,%
2020-10-27 12:42:19.185,9.75,pH,-173.0,mV,25.0,C,96.0,%
2020-10-27 12:42:20.385,9.73,pH,-172.3,mV,25.0,C,96.0,%
2020-10-27 12:42:21.586,9.72,pH,-171.6,mV,25.0,C,96.0,%
2020-10-27 12:42:22.787,9.73,pH,-171.9,mV,25.0,C,96.0,%
2020-10-27 12:42:23.989,9.71,pH,-170.8,mV,25.0,C,96.0,%
2020-10-27 12:42:25.189,9.69,pH,-169.5,mV,25.0,C,96.0,%
2020-10-27 12:42:26.390,9.67,pH,-168.8,mV,25.0,C,96.0,%
2020-10-27 12:42:27.591,9.64,pH,-166.8,mV,25.0,C,96.0,%
2020-10-27 12:42:28.791,9.62,pH,-165.8,mV,25.0,C,96.0,%
2020-10-27 12:42:29.992,9.59,pH,-163.9,mV,25.0,C,96.0,%
2020-10-27 12:42:31.193,9.56,pH,-162.6,mV,25.0,C,96.0,%
2020-10-27 12:42:32.394,9.54,pH,-161.5,mV,25.0,C,96.0,%
2020-10-27 12:42:33.595,9.53,pH,-160.7,mV,25.0,C,96.0,%
2020-10-27 12:42:34.796,9.53,pH,-160.6,mV,25.0,C,96.0,%
2020-10-27 12:42:35.997,9.50,pH,-159.0,mV,25.0,C,96.0,%
2020-10-27 12:42:37.198,9.50,pH,-159.0,mV,25.0,C,96.0,%
2020-10-27 12:42:38.398,9.50,pH,-159.0,mV,25.0,C,96.0,%
2020-10-27 12:42:39.599,9.48,pH,-158.2,mV,25.0,C,96.0,%
2020-10-27 12:42:40.800,9.47,pH,-157.2,mV,25.0,C,96.0,%
2020-10-27 12:42:42.001,9.47,pH,-157.6,mV,25.0,C,96.0,%
2020-10-27 12:42:43.202,9.48,pH,-157.7,mV,25.0,C,96.0,%
2020-10-27 12:42:44.402,9.48,pH,-157.8,mV,25.0,C,96.0,%
2020-10-27 12:42:45.603,9.48,pH,-157.9,mV,25.0,C,96.0,%
2020-10-27 12:42:46.804,9.48,pH,-158.2,mV,25.0,C,96.0,%
2020-10-27 12:42:48.005,9.48,pH,-158.1,mV,25.0,C,96.0,%
2020-10-27 12:42:49.206,9.48,pH,-157.8,mV,25.0,C,96.0,%
2020-10-27 12:42:50.407,9.48,pH,-157.9,mV,25.0,C,96.0,%
2020-10-27 12:42:51.607,9.48,pH,-158.0,mV,25.0,C,96.0,%
2020-10-27 12:42:52.808,9.47,pH,-157.5,mV,25.0,C,96.0,%
2020-10-27 12:42:54.009,9.77,pH,-174.1,mV,25.0,C,96.0,%
2020-10-27 12:42:55.210,9.66,pH,-168.3,mV,25.0,C,96.0,%
2020-10-27 12:42:56.411,9.91,pH,-182.0,mV,25.0,C,96.0,%
2020-10-27 12:42:57.612,10.00,pH,-187.3,mV,25.0,C,96.0,%
2020-10-27 13:15:41.182,10.99,pH,-243.1,mV,25.0,C,96.0,%
2020-10-27 13:15:42.382,10.99,pH,-243.2,mV,25.0,C,96.0,%
2020-10-27 13:15:43.583,11.00,pH,-243.3,mV,25.0,C,96.0,%
2020-10-27 13:15:44.183,11.00,pH,-243.3,mV,25.0,C,96.0,%
2020-10-27 13:15:45.384,11.00,pH,-243.4,mV,25.0,C,96.0,%
2020-10-27 13:15:46.585,11.00,pH,-243.4,mV,25.0,C,96.0,%
2020-10-27 13:15:47.186,11.00,pH,-243.5,mV,25.0,C,96.0,%
2020-10-27 13:15:48.386,11.00,pH,-243.5,mV,25.0,C,96.0,%
2020-10-27 13:15:50.187,11.22,pH,-255.8,mV,25.0,C,96.0,%
2020-10-27 13:15:51.388,11.39,pH,-265.7,mV,25.0,C,96.0,%
2020-10-27 13:15:52.773,11.50,pH,-271.5,mV,25.0,C,96.0,%
2020-10-27 13:15:53.974,11.54,pH,-274.1,mV,25.0,C,96.0,%
2020-10-27 13:15:55.174,11.55,pH,-274.5,mV,25.0,C,96.0,%
2020-10-27 13:15:56.375,11.53,pH,-273.6,mV,25.0,C,96.0,%
2020-10-27 13:15:57.576,11.50,pH,-271.6,mV,25.0,C,96.0,%
2020-10-27 13:15:58.778,11.46,pH,-269.4,mV,25.0,C,96.0,%
2020-10-27 13:15:59.978,11.41,pH,-266.5,mV,25.0,C,96.0,%
2020-10-27 13:16:01.179,11.35,pH,-263.1,mV,25.0,C,96.0,%
2020-10-27 13:16:02.380,11.30,pH,-260.7,mV,25.0,C,96.0,%
2020-10-27 13:16:03.581,11.27,pH,-258.7,mV,25.0,C,96.0,%
2020-10-27 13:16:04.781,11.25,pH,-257.6,mV,25.0,C,96.0,%
2020-10-27 13:16:05.982,11.24,pH,-257.1,mV,25.0,C,96.0,%
2020-10-27 13:16:07.183,11.24,pH,-257.1,mV,25.0,C,96.0,%
2020-10-27 13:16:08.384,11.25,pH,-257.6,mV,25.0,C,96.0,%
2020-10-27 13:16:09.585,11.26,pH,-258.1,mV,25.0,C,96.0,%
2020-10-27 13:16:10.786,11.26,pH,-258.4,mV,25.0,C,96.0,%
2020-10-27 13:16:11.986,11.26,pH,-258.2,mV,25.0,C,96.0,%
2020-10-27 13:16:13.187,11.25,pH,-257.7,mV,25.0,C,96.0,%
2020-10-27 13:16:14.388,11.24,pH,-257.1,mV,25.0,C,96.0,%
2020-10-27 13:16:15.589,11.22,pH,-256.1,mV,25.0,C,96.0,%
2020-10-27 13:16:16.790,11.20,pH,-254.9,mV,25.0,C,96.0,%
2020-10-27 13:16:17.991,11.18,pH,-253.6,mV,25.0,C,96.0,%
2020-10-27 13:16:19.191,11.15,pH,-252.0,mV,25.0,C,96.0,%
2020-10-27 13:16:20.392,11.13,pH,-250.9,mV,25.0,C,96.0,%
2020-10-27 13:16:21.593,11.12,pH,-250.2,mV,25.0,C,96.0,%
2020-10-27 13:16:22.794,11.11,pH,-249.6,mV,25.0,C,96.0,%
2020-10-27 13:16:23.995,11.10,pH,-249.4,mV,25.0,C,96.0,%
2020-10-27 13:16:25.196,11.10,pH,-249.4,mV,25.0,C,96.0,%
2020-10-27 13:16:26.397,11.10,pH,-249.3,mV,25.0,C,96.0,%
2020-10-27 13:16:27.597,11.10,pH,-249.1,mV,25.0,C,96.0,%
2020-10-27 13:16:28.798,11.09,pH,-248.8,mV,25.0,C,96.0,%
2020-10-27 13:16:29.999,11.09,pH,-248.4,mV,25.0,C,96.0,%
2020-10-27 13:16:31.200,11.10,pH,-249.0,mV,25.0,C,96.0,%
2020-10-27 13:16:32.401,11.09,pH,-248.7,mV,25.0,C,96.0,%
2020-10-27 13:16:33.602,11.09,pH,-248.4,mV,25.0,C,96.0,%
2020-10-27 13:16:34.802,11.08,pH,-248.0,mV,25.0,C,96.0,%
2020-10-27 13:16:36.003,11.04,pH,-245.8,mV,25.0,C,96.0,%
2020-10-27 13:16:37.204,11.03,pH,-245.4,mV,25.0,C,96.0,%
2020-10-27 13:16:38.405,11.03,pH,-245.0,mV,25.0,C,96.0,%
2020-10-27 13:16:39.606,11.02,pH,-244.6,mV,25.0,C,96.0,%
2020-10-27 13:16:40.807,11.01,pH,-244.1,mV,25.0,C,96.0,%
2020-10-27 13:16:42.007,11.00,pH,-243.7,mV,25.0,C,96.0,%
2020-10-27 13:16:43.208,11.00,pH,-243.3,mV,25.0,C,96.0,%
2020-10-27 13:16:44.409,11.01,pH,-244.4,mV,25.0,C,96.0,%
2020-10-27 13:16:45.610,11.01,pH,-244.0,mV,25.0,C,96.0,%
2020-10-27 13:16:46.811,11.00,pH,-243.6,mV,25.0,C,96.0,%
2020-10-27 13:16:48.012,10.99,pH,-243.2,mV,25.0,C,96.0,%
2020-10-27 13:16:49.213,10.99,pH,-242.8,mV,25.0,C,96.0,%
2020-10-27 13:16:50.414,10.98,pH,-242.5,mV,25.0,C,96.0,%
2020-10-27 13:16:51.614,10.97,pH,-242.1,mV,25.0,C,96.0,%
2020-10-27 13:16:52.815,10.97,pH,-241.7,mV,25.0,C,96.0,%
2020-10-27 13:16:54.016,10.96,pH,-241.3,mV,25.0,C,96.0,%
2020-10-27 13:16:55.217,10.95,pH,-241.0,mV,25.0,C,96.0,%
2020-10-27 13:16:56.418,10.95,pH,-240.6,mV,25.0,C,96.0,%
2020-10-27 13:16:57.619,10.94,pH,-240.3,mV,25.0,C,96.0,%
2020-10-27 13:16:58.819,10.94,pH,-239.9,mV,25.0,C,96.0,%
2020-10-27 13:17:00.020,10.93,pH,-239.7,mV,25.0,C,96.0,%
2020-10-27 13:17:01.221,10.94,pH,-239.9,mV,25.0,C,96.0,%
2020-10-27 13:17:02.422,10.94,pH,-240.4,mV,25.0,C,96.0,%
2020-10-27 13:17:03.623,10.95,pH,-240.6,mV,25.0,C,96.0,%
2020-10-27 13:17:04.824,10.95,pH,-240.6,mV,25.0,C,96.0,%
2020-10-27 13:17:06.024,10.94,pH,-240.4,mV,25.0,C,96.0,%
2020-10-27 13:17:07.225,10.94,pH,-240.1,mV,25.0,C,96.0,%
2020-10-27 13:17:08.426,10.93,pH,-239.6,mV,25.0,C,96.0,%
2020-10-27 13:17:09.627,10.94,pH,-240.2,mV,25.0,C,96.0,%
2020-10-27 13:17:10.828,10.94,pH,-240.1,mV,25.0,C,96.0,%
2020-10-27 13:17:12.029,10.94,pH,-239.9,mV,25.0,C,96.0,%
2020-10-27 13:17:13.230,10.93,pH,-239.6,mV,25.0,C,96.0,%
2020-10-27 13:17:14.430,10.92,pH,-239.3,mV,25.0,C,96.0,%
2020-10-27 13:17:15.631,10.92,pH,-239.1,mV,25.0,C,96.0,%
2020-10-27 13:17:16.832,10.92,pH,-238.8,mV,25.0,C,96.0,%
2020-10-27 13:17:18.033,10.91,pH,-238.7,mV,25.0,C,96.0,%
2020-10-27 17:20:29.550,9.22,pH,-143.2,mV,25.0,C,96.0,%
2020-10-27 17:20:30.751,9.22,pH,-143.2,mV,25.0,C,96.0,%
2020-10-27 17:20:32.552,9.22,pH,-143.2,mV,25.0,C,96.0,%
2020-10-27 17:20:33.753,9.22,pH,-143.2,mV,25.0,C,96.0,%
2020-10-27 17:20:34.954,9.22,pH,-143.2,mV,25.0,C,96.0,%
2020-10-27 17:20:36.154,9.22,pH,-143.2,mV,25.0,C,96.0,%
2020-10-27 17:20:37.355,9.22,pH,-143.2,mV,25.0,C,96.0,%
2020-10-27 17:20:38.556,9.22,pH,-143.2,mV,25.0,C,96.0,%
2020-10-27 17:20:39.757,9.22,pH,-143.2,mV,25.0,C,96.0,%
2020-10-27 17:20:40.958,9.22,pH,-143.2,mV,25.0,C,96.0,%
2020-10-27 17:20:42.159,10.18,pH,-197.3,mV,25.0,C,96.0,%
2020-10-27 17:20:43.359,11.08,pH,-248.2,mV,25.0,C,96.0,%
2020-10-27 17:20:44.560,11.20,pH,-254.9,mV,25.0,C,96.0,%
2020-10-27 17:20:45.762,11.11,pH,-249.8,mV,25.0,C,96.0,%
2020-10-27 17:20:46.962,11.15,pH,-252.0,mV,25.0,C,96.0,%
2020-10-27 17:20:48.163,11.11,pH,-249.7,mV,25.0,C,96.0,%
2020-10-27 17:20:49.522,11.03,pH,-245.3,mV,25.0,C,96.0,%
2020-10-27 17:20:50.723,10.93,pH,-239.7,mV,25.0,C,96.0,%
2020-10-27 17:20:51.923,10.83,pH,-234.0,mV,25.0,C,96.0,%
2020-10-27 17:20:53.124,10.72,pH,-227.9,mV,25.0,C,96.0,%
2020-10-27 17:20:54.325,10.60,pH,-221.3,mV,25.0,C,96.0,%
2020-10-27 17:20:55.526,10.52,pH,-216.7,mV,25.0,C,96.0,%
2020-10-27 17:20:56.727,10.48,pH,-214.3,mV,25.0,C,96.0,%
2020-10-27 17:20:57.928,10.50,pH,-215.3,mV,25.0,C,96.0,%
2020-10-27 17:20:59.128,10.52,pH,-216.8,mV,25.0,C,96.0,%
2020-10-27 17:21:00.329,10.54,pH,-217.8,mV,25.0,C,96.0,%
2020-10-27 17:21:01.530,10.54,pH,-217.9,mV,25.0,C,96.0,%
2020-10-27 17:21:02.731,10.53,pH,-217.0,mV,25.0,C,96.0,%
2020-10-27 17:21:03.932,10.49,pH,-214.6,mV,25.0,C,96.0,%
2020-10-27 17:21:05.133,10.41,pH,-210.4,mV,25.0,C,96.0,%
2020-10-27 17:21:06.333,10.33,pH,-205.7,mV,25.0,C,96.0,%
2020-10-27 17:21:07.534,10.21,pH,-199.0,mV,25.0,C,96.0,%
2020-10-27 17:21:08.735,10.05,pH,-190.1,mV,25.0,C,96.0,%
2020-10-27 17:21:09.936,9.91,pH,-181.9,mV,25.0,C,96.0,%
2020-10-27 17:21:11.137,9.74,pH,-172.5,mV,25.0,C,96.0,%
2020-10-27 17:21:12.338,9.57,pH,-163.1,mV,25.0,C,96.0,%
2020-10-27 17:21:13.538,9.44,pH,-155.6,mV,25.0,C,96.0,%
2020-10-27 17:21:14.739,9.35,pH,-150.4,mV,25.0,C,96.0,%
2020-10-27 17:21:15.940,9.28,pH,-146.5,mV,25.0,C,96.0,%
2020-10-27 17:21:17.141,9.21,pH,-142.9,mV,25.0,C,96.0,%
2020-10-27 17:21:18.342,9.15,pH,-139.5,mV,25.0,C,96.0,%
2020-10-27 17:21:19.543,9.11,pH,-137.1,mV,25.0,C,96.0,%
2020-10-27 17:21:20.744,9.04,pH,-133.0,mV,25.0,C,96.0,%
2020-10-27 17:21:21.945,8.98,pH,-129.8,mV,25.0,C,96.0,%
2020-10-27 17:21:23.145,8.91,pH,-125.8,mV,25.0,C,96.0,%
2020-10-27 17:21:24.346,8.89,pH,-125.0,mV,25.0,C,96.0,%
2020-10-27 17:21:25.547,8.82,pH,-121.0,mV,25.0,C,96.0,%
2020-10-27 17:21:26.748,8.78,pH,-118.6,mV,25.0,C,96.0,%
2020-10-27 17:21:27.949,8.71,pH,-114.8,mV,25.0,C,96.0,%
2020-10-27 17:21:29.150,8.67,pH,-112.4,mV,25.0,C,96.0,%
2020-10-27 17:21:30.350,8.62,pH,-109.3,mV,25.0,C,96.0,%
2020-10-27 17:21:31.551,8.58,pH,-107.4,mV,25.0,C,96.0,%
2020-10-27 17:21:32.752,8.57,pH,-106.9,mV,25.0,C,96.0,%
2020-10-27 17:21:33.953,8.50,pH,-102.8,mV,25.0,C,96.0,%
2020-10-27 17:21:35.154,8.49,pH,-102.0,mV,25.0,C,96.0,%
2020-10-27 17:21:36.355,8.43,pH,-99.1,mV,25.0,C,96.0,%
2020-10-27 17:21:37.555,8.39,pH,-96.8,mV,25.0,C,96.0,%
2020-10-27 17:21:38.756,8.36,pH,-94.8,mV,25.0,C,96.0,%
2020-10-27 17:21:39.957,8.34,pH,-94.0,mV,25.0,C,96.0,%
2020-10-27 17:21:41.158,8.29,pH,-90.9,mV,25.0,C,96.0,%
2020-10-27 17:21:42.359,8.26,pH,-89.2,mV,25.0,C,96.0,%
2020-10-27 17:21:43.560,8.22,pH,-87.0,mV,25.0,C,96.0,%
2020-10-27 17:21:44.761,8.20,pH,-85.8,mV,25.0,C,96.0,%
2020-10-27 17:21:45.961,8.16,pH,-83.8,mV,25.0,C,96.0,%
2020-10-27 17:21:47.162,8.14,pH,-82.3,mV,25.0,C,96.0,%
2020-10-27 17:21:48.363,8.11,pH,-80.6,mV,25.0,C,96.0,%
2020-10-27 17:21:49.564,8.07,pH,-78.5,mV,25.0,C,96.0,%
2020-10-27 17:21:50.765,8.04,pH,-77.1,mV,25.0,C,96.0,%
2020-10-27 17:21:51.966,8.02,pH,-75.5,mV,25.0,C,96.0,%
2020-10-27 17:21:53.166,7.99,pH,-74.0,mV,25.0,C,96.0,%
2020-10-27 17:21:54.551,7.96,pH,-72.6,mV,25.0,C,96.0,%
2020-10-27 17:21:55.752,7.94,pH,-71.2,mV,25.0,C,96.0,%
2020-10-27 17:21:56.953,7.91,pH,-69.6,mV,25.0,C,96.0,%
2020-10-27 17:21:58.154,7.89,pH,-68.6,mV,25.0,C,96.0,%
2020-10-27 17:21:59.355,7.87,pH,-67.2,mV,25.0,C,96.0,%
2020-10-27 17:22:00.555,7.83,pH,-65.3,mV,25.0,C,96.0,%
2020-10-27 17:22:01.756,7.81,pH,-63.8,mV,25.0,C,96.0,%
2020-10-27 17:22:02.957,7.86,pH,-66.7,mV,25.0,C,96.0,%
2020-10-27 17:22:04.158,8.03,pH,-76.2,mV,25.0,C,96.0,%
2020-10-27 17:22:05.359,8.04,pH,-77.1,mV,25.0,C,96.0,%
2020-10-27 17:22:06.560,8.17,pH,-84.3,mV,25.0,C,96.0,%
2020-10-27 17:58:29.469,9.35,pH,-150.8,mV,25.0,C,96.0,%
2020-10-27 17:58:30.068,9.35,pH,-150.9,mV,25.0,C,96.0,%
2020-10-27 17:58:31.269,9.33,pH,-149.5,mV,25.0,C,96.0,%
2020-10-27 17:58:32.470,9.32,pH,-148.8,mV,25.0,C,96.0,%
2020-10-27 17:58:33.070,9.32,pH,-148.7,mV,25.0,C,96.0,%
2020-10-27 17:58:34.271,9.32,pH,-148.7,mV,25.0,C,96.0,%
2020-10-27 17:58:35.326,9.32,pH,-148.7,mV,25.0,C,96.0,%
2020-10-27 17:58:36.527,9.81,pH,-176.5,mV,25.0,C,96.0,%
2020-10-27 17:58:37.128,10.12,pH,-193.8,mV,25.0,C,96.0,%
2020-10-27 17:58:38.329,10.81,pH,-232.8,mV,25.0,C,96.0,%
2020-10-27 17:58:39.529,10.81,pH,-232.8,mV,25.0,C,96.0,%
2020-10-27 17:58:40.129,11.16,pH,-252.6,mV,25.0,C,96.0,%
2020-10-27 17:58:41.330,11.31,pH,-261.2,mV,25.0,C,96.0,%
2020-10-27 17:58:42.532,11.39,pH,-265.7,mV,25.0,C,96.0,%
2020-10-27 17:58:43.132,11.40,pH,-265.8,mV,25.0,C,96.0,%
2020-10-27 17:58:44.333,11.36,pH,-263.9,mV,25.0,C,96.0,%
2020-10-27 17:58:45.534,11.36,pH,-263.9,mV,25.0,C,96.0,%
2020-10-27 17:58:46.134,11.29,pH,-260.0,mV,25.0,C,96.0,%
2020-10-27 17:58:47.334,11.19,pH,-254.1,mV,25.0,C,96.0,%
2020-10-27 17:58:48.535,11.08,pH,-248.1,mV,25.0,C,96.0,%
2020-10-27 17:58:49.136,10.95,pH,-240.8,mV,25.0,C,96.0,%
2020-10-27 17:58:50.337,10.80,pH,-232.1,mV,25.0,C,96.0,%
2020-10-27 17:58:51.538,10.67,pH,-224.8,mV,25.0,C,96.0,%
2020-10-27 17:58:52.138,10.67,pH,-224.8,mV,25.0,C,96.0,%
2020-10-27 17:58:53.339,10.53,pH,-217.2,mV,25.0,C,96.0,%
2020-10-27 17:58:55.141,10.29,pH,-203.3,mV,25.0,C,96.0,%
2020-10-27 17:58:56.342,10.18,pH,-197.3,mV,25.0,C,96.0,%
2020-10-27 17:58:57.542,10.07,pH,-190.9,mV,25.0,C,96.0,%
2020-10-27 17:58:58.743,9.99,pH,-186.9,mV,25.0,C,96.0,%
2020-10-27 17:58:59.944,9.92,pH,-183.0,mV,25.0,C,96.0,%
2020-10-27 17:59:01.145,9.85,pH,-178.9,mV,25.0,C,96.0,%
2020-10-27 17:59:02.346,9.81,pH,-176.3,mV,25.0,C,96.0,%
2020-10-27 17:59:03.547,9.73,pH,-172.1,mV,25.0,C,96.0,%
2020-10-27 17:59:04.747,9.68,pH,-169.3,mV,25.0,C,96.0,%
2020-10-27 17:59:05.948,9.64,pH,-166.8,mV,25.0,C,96.0,%
2020-10-27 17:59:07.149,9.59,pH,-163.9,mV,25.0,C,96.0,%
2020-10-27 17:59:08.350,9.55,pH,-161.9,mV,25.0,C,96.0,%
2020-10-27 17:59:09.551,9.51,pH,-159.9,mV,25.0,C,96.0,%
2020-10-27 17:59:10.752,9.48,pH,-157.8,mV,25.0,C,96.0,%
2020-10-27 17:59:11.952,9.45,pH,-156.2,mV,25.0,C,96.0,%
2020-10-27 17:59:13.153,9.42,pH,-154.3,mV,25.0,C,96.0,%
2020-10-27 17:59:14.354,9.38,pH,-152.4,mV,25.0,C,96.0,%
2020-10-27 17:59:15.555,9.34,pH,-149.9,mV,25.0,C,96.0,%
2020-10-27 17:59:16.756,9.31,pH,-148.3,mV,25.0,C,96.0,%
2020-10-27 17:59:17.957,9.28,pH,-146.6,mV,25.0,C,96.0,%
2020-10-27 17:59:19.158,9.24,pH,-144.5,mV,25.0,C,96.0,%
2020-10-27 17:59:20.358,9.22,pH,-143.3,mV,25.0,C,96.0,%
2020-10-27 17:59:21.559,9.19,pH,-141.5,mV,25.0,C,96.0,%
2020-10-27 17:59:22.760,9.15,pH,-139.3,mV,25.0,C,96.0,%
2020-10-27 17:59:23.961,9.12,pH,-137.5,mV,25.0,C,96.0,%
2020-10-27 17:59:25.162,9.09,pH,-135.9,mV,25.0,C,96.0,%
2020-10-27 17:59:26.362,9.07,pH,-135.1,mV,25.0,C,96.0,%
2020-10-27 17:59:27.563,9.04,pH,-133.3,mV,25.0,C,96.0,%
2020-10-27 17:59:28.764,9.02,pH,-132.0,mV,25.0,C,96.0,%
2020-10-27 17:59:29.965,9.01,pH,-131.3,mV,25.0,C,96.0,%
2020-10-27 17:59:31.166,8.99,pH,-130.1,mV,25.0,C,96.0,%
2020-10-27 17:59:32.367,8.96,pH,-128.8,mV,25.0,C,96.0,%
2020-10-27 17:59:33.568,8.96,pH,-128.4,mV,25.0,C,96.0,%
2020-10-27 17:59:34.768,8.93,pH,-126.8,mV,25.0,C,96.0,%
2020-10-27 17:59:35.969,8.91,pH,-125.8,mV,25.0,C,96.0,%
2020-10-27 17:59:37.170,8.91,pH,-125.6,mV,25.0,C,96.0,%
2020-10-27 17:59:38.371,8.89,pH,-124.6,mV,25.0,C,96.0,%
2020-10-27 17:59:39.730,8.86,pH,-123.0,mV,25.0,C,96.0,%
2020-10-27 17:59:40.931,8.86,pH,-122.8,mV,25.0,C,96.0,%
2020-10-27 17:59:42.132,8.83,pH,-121.4,mV,25.0,C,96.0,%
2020-10-27 17:59:43.333,8.82,pH,-120.9,mV,25.0,C,96.0,%
2020-10-27 17:59:44.533,8.82,pH,-120.6,mV,25.0,C,96.0,%
2020-10-27 17:59:45.734,8.78,pH,-118.7,mV,25.0,C,96.0,%
2020-10-27 17:59:46.935,8.79,pH,-118.9,mV,25.0,C,96.0,%
2020-10-27 17:59:48.136,8.75,pH,-117.0,mV,25.0,C,96.0,%
2020-10-27 17:59:49.337,8.74,pH,-116.5,mV,25.0,C,96.0,%
2020-10-27 17:59:50.538,8.73,pH,-115.5,mV,25.0,C,96.0,%
2020-10-27 17:59:51.738,8.71,pH,-114.5,mV,25.0,C,96.0,%
2020-10-27 17:59:52.939,8.70,pH,-114.0,mV,25.0,C,96.0,%
2020-10-27 17:59:54.140,8.68,pH,-112.9,mV,25.0,C,96.0,%
2020-10-27 17:59:55.341,8.68,pH,-112.9,mV,25.0,C,96.0,%
2020-10-27 17:59:56.542,8.69,pH,-113.5,mV,25.0,C,96.0,%
2020-10-27 17:59:57.743,8.69,pH,-113.6,mV,25.0,C,96.0,%
2020-10-27 17:59:58.943,8.68,pH,-112.7,mV,25.0,C,96.0,%
2020-10-27 18:00:00.144,8.66,pH,-111.9,mV,25.0,C,96.0,%
2020-10-27 18:00:01.345,8.66,pH,-112.0,mV,25.0,C,96.0,%
2020-10-27 18:00:02.546,8.79,pH,-119.1,mV,25.0,C,96.0,%
2020-10-27 18:00:03.747,8.74,pH,-116.1,mV,25.0,C,96.0,%
2020-10-27 18:00:04.948,9.14,pH,-138.9,mV,25.0,C,96.0,%
2020-10-27 18:28:44.720,10.45,pH,-212.6,mV,25.0,C,96.0,%
2020-10-27 18:28:45.321,10.45,pH,-212.8,mV,25.0,C,96.0,%
2020-10-27 18:28:46.521,10.46,pH,-213.2,mV,25.0,C,96.0,%
2020-10-27 18:28:47.722,10.45,pH,-212.7,mV,25.0,C,96.0,%
2020-10-27 18:28:48.778,10.46,pH,-212.9,mV,25.0,C,96.0,%
2020-10-27 18:28:49.378,10.46,pH,-213.0,mV,25.0,C,96.0,%
2020-10-27 18:28:50.578,10.46,pH,-213.2,mV,25.0,C,96.0,%
2020-10-27 18:28:51.779,10.46,pH,-213.4,mV,25.0,C,96.0,%
2020-10-27 18:28:52.380,10.71,pH,-227.4,mV,25.0,C,96.0,%
2020-10-27 18:28:53.581,11.01,pH,-244.0,mV,25.0,C,96.0,%
2020-10-27 18:28:54.782,11.01,pH,-244.0,mV,25.0,C,96.0,%
2020-10-27 18:28:55.382,11.22,pH,-255.9,mV,25.0,C,96.0,%
2020-10-27 18:28:56.583,11.33,pH,-262.4,mV,25.0,C,96.0,%
2020-10-27 18:28:57.784,11.37,pH,-264.5,mV,25.0,C,96.0,%
2020-10-27 18:28:58.385,11.38,pH,-264.7,mV,25.0,C,96.0,%
2020-10-27 18:28:59.585,11.34,pH,-262.6,mV,25.0,C,96.0,%
2020-10-27 18:29:00.786,11.34,pH,-262.6,mV,25.0,C,96.0,%
2020-10-27 18:29:01.386,11.29,pH,-259.7,mV,25.0,C,96.0,%
2020-10-27 18:29:02.587,11.21,pH,-255.1,mV,25.0,C,96.0,%
2020-10-27 18:29:03.788,11.10,pH,-249.1,mV,25.0,C,96.0,%
2020-10-27 18:29:04.389,11.00,pH,-243.7,mV,25.0,C,96.0,%
2020-10-27 18:29:05.590,10.90,pH,-237.8,mV,25.0,C,96.0,%
2020-10-27 18:29:06.791,10.78,pH,-231.2,mV,25.0,C,96.0,%
2020-10-27 18:29:07.390,10.78,pH,-231.2,mV,25.0,C,96.0,%
2020-10-27 18:29:08.591,10.69,pH,-225.9,mV,25.0,C,96.0,%
2020-10-27 18:29:10.393,10.51,pH,-216.2,mV,25.0,C,96.0,%
2020-10-27 18:29:11.594,10.45,pH,-212.4,mV,25.0,C,96.0,%
2020-10-27 18:29:12.795,10.37,pH,-208.1,mV,25.0,C,96.0,%
2020-10-27 18:29:13.995,10.32,pH,-205.0,mV,25.0,C,96.0,%
2020-10-27 18:29:15.196,10.27,pH,-202.5,mV,25.0,C,96.0,%
2020-10-27 18:29:16.397,10.24,pH,-200.5,mV,25.0,C,96.0,%
2020-10-27 18:29:17.598,10.18,pH,-197.5,mV,25.0,C,96.0,%
2020-10-27 18:29:18.799,10.16,pH,-196.0,mV,25.0,C,96.0,%
2020-10-27 18:29:20,10.13,pH,-194.5,mV,25.0,C,96.0,%
2020-10-27 18:29:21.201,10.10,pH,-192.6,mV,25.0,C,96.0,%
2020-10-27 18:29:22.401,10.08,pH,-191.8,mV,25.0,C,96.0,%
2020-10-27 18:29:23.602,10.05,pH,-190.3,mV,25.0,C,96.0,%
2020-10-27 18:29:24.803,10.04,pH,-189.5,mV,25.0,C,96.0,%
2020-10-27 18:29:26.004,10.03,pH,-188.9,mV,25.0,C,96.0,%
2020-10-27 18:29:27.205,10.01,pH,-188.0,mV,25.0,C,96.0,%
2020-10-27 18:29:28.406,10.00,pH,-187.5,mV,25.0,C,96.0,%
2020-10-27 18:29:29.607,10.00,pH,-187.3,mV,25.0,C,96.0,%
2020-10-27 18:29:30.808,9.99,pH,-186.6,mV,25.0,C,96.0,%
2020-10-27 18:29:32.008,9.98,pH,-186.1,mV,25.0,C,96.0,%
2020-10-27 18:29:33.209,9.97,pH,-185.5,mV,25.0,C,96.0,%
2020-10-27 18:29:34.410,9.96,pH,-185.1,mV,25.0,C,96.0,%
2020-10-27 18:29:35.611,9.95,pH,-184.6,mV,25.0,C,96.0,%
2020-10-27 18:29:36.811,9.95,pH,-184.5,mV,25.0,C,96.0,%
2020-10-27 18:29:38.012,9.95,pH,-184.2,mV,25.0,C,96.0,%
2020-10-27 18:29:39.213,9.94,pH,-183.8,mV,25.0,C,96.0,%
2020-10-27 18:29:40.414,9.94,pH,-183.6,mV,25.0,C,96.0,%
2020-10-27 18:29:41.615,9.95,pH,-184.3,mV,25.0,C,96.0,%
2020-10-27 18:29:42.816,9.94,pH,-184.0,mV,25.0,C,96.0,%
2020-10-27 18:29:44.017,9.94,pH,-183.7,mV,25.0,C,96.0,%
2020-10-27 18:29:45.220,9.93,pH,-183.5,mV,25.0,C,96.0,%
2020-10-27 18:29:46.418,9.93,pH,-183.3,mV,25.0,C,96.0,%
2020-10-27 18:29:47.619,9.93,pH,-183.1,mV,25.0,C,96.0,%
2020-10-27 18:29:48.820,9.92,pH,-182.9,mV,25.0,C,96.0,%
2020-10-27 18:29:50.021,9.92,pH,-182.7,mV,25.0,C,96.0,%
2020-10-27 18:29:51.222,9.92,pH,-182.6,mV,25.0,C,96.0,%
2020-10-27 18:29:52.581,9.92,pH,-182.5,mV,25.0,C,96.0,%
2020-10-27 18:29:53.781,9.91,pH,-182.4,mV,25.0,C,96.0,%
2020-10-27 18:29:54.982,9.91,pH,-182.3,mV,25.0,C,96.0,%
2020-10-27 18:29:56.183,9.91,pH,-182.1,mV,25.0,C,96.0,%
2020-10-27 18:29:57.384,9.91,pH,-182.0,mV,25.0,C,96.0,%
2020-10-27 18:29:58.585,9.90,pH,-181.9,mV,25.0,C,96.0,%
2020-10-27 18:29:59.786,9.90,pH,-181.8,mV,25.0,C,96.0,%
2020-10-27 18:30:00.986,9.90,pH,-181.6,mV,25.0,C,96.0,%
2020-10-27 18:30:02.187,9.90,pH,-181.5,mV,25.0,C,96.0,%
2020-10-27 18:30:03.388,9.90,pH,-181.4,mV,25.0,C,96.0,%
2020-10-27 18:30:04.589,9.89,pH,-181.3,mV,25.0,C,96.0,%
2020-10-27 18:30:05.790,9.89,pH,-181.2,mV,25.0,C,96.0,%
2020-10-27 18:30:06.991,9.89,pH,-181.1,mV,25.0,C,96.0,%
2020-10-27 18:30:08.192,9.89,pH,-181.0,mV,25.0,C,96.0,%
2020-10-27 18:30:09.392,9.89,pH,-180.9,mV,25.0,C,96.0,%
2020-10-27 18:30:10.593,9.89,pH,-180.9,mV,25.0,C,96.0,%
2020-10-27 18:30:11.794,9.89,pH,-180.8,mV,25.0,C,96.0,%
2020-10-27 18:30:12.995,9.88,pH,-180.7,mV,25.0,C,96.0,%
2020-10-27 18:30:14.196,9.88,pH,-180.6,mV,25.0,C,96.0,%
2020-10-27 18:30:15.396,9.88,pH,-180.5,mV,25.0,C,96.0,%
2020-10-27 18:30:16.597,9.88,pH,-180.4,mV,25.0,C,96.0,%
2020-10-27 18:30:17.799,9.91,pH,-182.1,mV,25.0,C,96.0,%
2020-10-27 18:30:18.999,9.89,pH,-181.1,mV,25.0,C,96.0,%
2020-10-27 18:30:20.201,10.00,pH,-187.1,mV,25.0,C,96.0,%
